year,team,goals,opponent,type,home_team
1933,ALS,4,NLS,home_team,ALS
1934,NLS,7,ALS,home_team,NLS
1935,ALS,4,NLS,home_team,ALS
1936,NLS,4,ALS,home_team,NLS
1937,ALS,8,NLS,home_team,ALS
1938,NLS,4,ALS,home_team,NLS
1939,ALS,3,NLS,home_team,ALS
1940,NLS,4,ALS,home_team,NLS
1941,ALS,7,NLS,home_team,ALS
1942,NLS,1,ALS,home_team,NLS
1943,ALS,5,NLS,home_team,ALS
1944,NLS,7,ALS,home_team,NLS
1946,ALS,12,NLS,home_team,ALS
1947,NLS,1,ALS,home_team,NLS
1948,ALS,5,NLS,home_team,ALS
1949,NLS,7,ALS,home_team,NLS
1950,ALS,3,NLS,home_team,ALS
1951,ALS,3,NLS,home_team,ALS
1952,NLS,3,ALS,home_team,NLS
1953,NLS,5,ALS,home_team,NLS
1954,ALS,11,NLS,home_team,ALS
1955,NLS,6,ALS,home_team,NLS
1956,ALS,3,NLS,home_team,ALS
1957,NLS,5,ALS,home_team,NLS
1958,ALS,4,NLS,home_team,ALS
1959,NLS,5,ALS,home_team,NLS
1959,NLS,3,ALS,home_team,NLS
1960,ALS,3,NLS,home_team,ALS
1960,ALS,0,NLS,home_team,ALS
1961,NLS,5,ALS,home_team,NLS
1961,ALS,1,NLS,home_team,ALS
1962,ALS,1,NLS,home_team,ALS
1962,NLS,4,ALS,home_team,NLS
1963,ALS,3,NLS,home_team,ALS
1964,NLS,7,ALS,home_team,NLS
1965,ALS,5,NLS,home_team,ALS
1966,NLS,2,ALS,home_team,NLS
1967,ALS,1,NLS,home_team,ALS
1968,NLS,1,ALS,home_team,NLS
1969,ALS,3,NLS,home_team,ALS
1970,NLS,5,ALS,home_team,NLS
1971,ALS,6,NLS,home_team,ALS
1972,NLS,4,ALS,home_team,NLS
1973,ALS,1,NLS,home_team,ALS
1974,NLS,7,ALS,home_team,NLS
1975,ALS,3,NLS,home_team,ALS
1976,NLS,7,ALS,home_team,NLS
1977,ALS,5,NLS,home_team,ALS
1978,NLS,7,ALS,home_team,NLS
1979,ALS,6,NLS,home_team,ALS
1980,NLS,4,ALS,home_team,NLS
1981,ALS,4,NLS,home_team,ALS
1982,NLS,4,ALS,home_team,NLS
1983,ALS,13,NLS,home_team,ALS
1984,NLS,3,ALS,home_team,NLS
1985,ALS,1,NLS,home_team,ALS
1986,NLS,2,ALS,home_team,NLS
1987,ALS,0,NLS,home_team,ALS
1988,NLS,1,ALS,home_team,NLS
1989,ALS,5,NLS,home_team,ALS
1990,NLS,0,ALS,home_team,NLS
1991,ALS,4,NLS,home_team,ALS
1992,NLS,6,ALS,home_team,NLS
1993,ALS,9,NLS,home_team,ALS
1994,NLS,8,ALS,home_team,NLS
1995,ALS,2,NLS,home_team,ALS
1996,NLS,6,ALS,home_team,NLS
1997,ALS,3,NLS,home_team,ALS
1998,NLS,8,ALS,home_team,NLS
1999,ALS,4,NLS,home_team,ALS
2000,NLS,3,ALS,home_team,NLS
2001,ALS,4,NLS,home_team,ALS
2002,NLS,7,ALS,home_team,NLS
2003,ALS,7,NLS,home_team,ALS
2004,NLS,4,ALS,home_team,NLS
2005,ALS,7,NLS,home_team,ALS
2006,NLS,2,ALS,home_team,NLS
2007,NLS,4,ALS,home_team,NLS
2008,ALS,4,NLS,home_team,ALS
2009,NLS,3,ALS,home_team,NLS
2010,ALS,1,NLS,home_team,ALS
2011,NLS,5,ALS,home_team,NLS
2012,ALS,0,NLS,home_team,ALS
2013,NLS,0,ALS,home_team,NLS
2014,ALS,5,NLS,home_team,ALS
2015,NLS,3,ALS,home_team,NLS
2016,ALS,4,NLS,home_team,ALS
2017,NLS,1,ALS,home_team,NLS
1981,HOU,3,LAN,home_team,HOU
1981,KCA,0,OAK,home_team,KCA
1981,MON,3,PHI,home_team,MON
1981,HOU,1,LAN,home_team,HOU
1981,MIL,3,NYA,home_team,MIL
1981,KCA,1,OAK,home_team,KCA
1981,MON,3,PHI,home_team,MON
1981,MIL,0,NYA,home_team,MIL
1981,PHI,6,MON,home_team,PHI
1981,LAN,6,HOU,home_team,LAN
1981,NYA,3,MIL,home_team,NYA
1981,OAK,4,KCA,home_team,OAK
1981,PHI,6,MON,home_team,PHI
1981,LAN,2,HOU,home_team,LAN
1981,NYA,1,MIL,home_team,NYA
1981,PHI,0,MON,home_team,PHI
1981,LAN,4,HOU,home_team,LAN
1981,NYA,7,MIL,home_team,NYA
1995,COL,4,ATL,home_team,COL
1995,LAN,2,CIN,home_team,LAN
1995,CLE,5,BOS,home_team,CLE
1995,NYA,9,SEA,home_team,NYA
1995,COL,4,ATL,home_team,COL
1995,LAN,4,CIN,home_team,LAN
1995,CLE,4,BOS,home_team,CLE
1995,NYA,7,SEA,home_team,NYA
1995,ATL,5,COL,home_team,ATL
1995,CIN,10,LAN,home_team,CIN
1995,BOS,2,CLE,home_team,BOS
1995,SEA,7,NYA,home_team,SEA
1995,ATL,10,COL,home_team,ATL
1995,SEA,11,NYA,home_team,SEA
1995,SEA,6,NYA,home_team,SEA
1996,SLN,3,SDN,home_team,SLN
1996,NYA,2,TEX,home_team,NYA
1996,BAL,10,CLE,home_team,BAL
1996,LAN,1,ATL,home_team,LAN
1996,NYA,5,TEX,home_team,NYA
1996,BAL,7,CLE,home_team,BAL
1996,SLN,5,SDN,home_team,SLN
1996,LAN,2,ATL,home_team,LAN
1996,TEX,2,NYA,home_team,TEX
1996,CLE,9,BAL,home_team,CLE
1996,SDN,5,SLN,home_team,SDN
1996,ATL,5,LAN,home_team,ATL
1996,TEX,4,NYA,home_team,TEX
1996,CLE,3,BAL,home_team,CLE
1997,FLO,2,SFN,home_team,FLO
1997,ATL,2,HOU,home_team,ATL
1997,NYA,8,CLE,home_team,NYA
1997,FLO,7,SFN,home_team,FLO
1997,ATL,13,HOU,home_team,ATL
1997,SEA,3,BAL,home_team,SEA
1997,NYA,5,CLE,home_team,NYA
1997,SEA,3,BAL,home_team,SEA
1997,SFN,2,FLO,home_team,SFN
1997,HOU,1,ATL,home_team,HOU
1997,CLE,1,NYA,home_team,CLE
1997,BAL,2,SEA,home_team,BAL
1997,CLE,3,NYA,home_team,CLE
1997,BAL,3,SEA,home_team,BAL
1997,CLE,4,NYA,home_team,CLE
1998,CLE,3,BOS,home_team,CLE
1998,NYA,2,TEX,home_team,NYA
1998,HOU,1,SDN,home_team,HOU
1998,CLE,9,BOS,home_team,CLE
1998,NYA,3,TEX,home_team,NYA
1998,ATL,7,CHN,home_team,ATL
1998,HOU,5,SDN,home_team,HOU
1998,ATL,2,CHN,home_team,ATL
1998,BOS,3,CLE,home_team,BOS
1998,TEX,0,NYA,home_team,TEX
1998,BOS,1,CLE,home_team,BOS
1998,SDN,2,HOU,home_team,SDN
1998,CHN,2,ATL,home_team,CHN
1998,SDN,6,HOU,home_team,SDN
1999,NYA,8,TEX,home_team,NYA
1999,ARI,4,NYN,home_team,ARI
1999,ATL,1,HOU,home_team,ATL
1999,CLE,3,BOS,home_team,CLE
1999,ARI,7,NYN,home_team,ARI
1999,ATL,5,HOU,home_team,ATL
1999,CLE,11,BOS,home_team,CLE
1999,NYA,3,TEX,home_team,NYA
1999,NYN,9,ARI,home_team,NYN
1999,HOU,3,ATL,home_team,HOU
1999,BOS,9,CLE,home_team,BOS
1999,TEX,0,NYA,home_team,TEX
1999,NYN,4,ARI,home_team,NYN
1999,HOU,5,ATL,home_team,HOU
1999,BOS,23,CLE,home_team,BOS
1999,CLE,8,BOS,home_team,CLE
2000,SLN,7,ATL,home_team,SLN
2000,OAK,5,NYA,home_team,OAK
2000,CHA,4,SEA,home_team,CHA
2000,SFN,5,NYN,home_team,SFN
2000,OAK,0,NYA,home_team,OAK
2000,CHA,2,SEA,home_team,CHA
2000,SLN,10,ATL,home_team,SLN
2000,SFN,4,NYN,home_team,SFN
2000,NYA,4,OAK,home_team,NYA
2000,SEA,2,CHA,home_team,SEA
2000,ATL,1,SLN,home_team,ATL
2000,NYN,3,SFN,home_team,NYN
2000,NYA,1,OAK,home_team,NYA
2000,NYN,4,SFN,home_team,NYN
2000,OAK,5,NYA,home_team,OAK
2001,SEA,0,CLE,home_team,SEA
2001,HOU,4,ATL,home_team,HOU
2001,ARI,1,SLN,home_team,ARI
2001,NYA,3,OAK,home_team,NYA
2001,HOU,0,ATL,home_team,HOU
2001,ARI,1,SLN,home_team,ARI
2001,SEA,5,CLE,home_team,SEA
2001,NYA,0,OAK,home_team,NYA
2001,ATL,6,HOU,home_team,ATL
2001,SLN,3,ARI,home_team,SLN
2001,CLE,17,SEA,home_team,CLE
2001,OAK,0,NYA,home_team,OAK
2001,SLN,4,ARI,home_team,SLN
2001,CLE,2,SEA,home_team,CLE
2001,OAK,2,NYA,home_team,OAK
2001,ARI,2,SLN,home_team,ARI
2001,SEA,3,CLE,home_team,SEA
2001,NYA,5,OAK,home_team,NYA
2002,OAK,5,MIN,home_team,OAK
2002,NYA,8,ANA,home_team,NYA
2002,ARI,2,SLN,home_team,ARI
2002,OAK,9,MIN,home_team,OAK
2002,NYA,6,ANA,home_team,NYA
2002,ATL,5,SFN,home_team,ATL
2002,ARI,1,SLN,home_team,ARI
2002,ATL,7,SFN,home_team,ATL
2002,MIN,3,OAK,home_team,MIN
2002,ANA,9,NYA,home_team,ANA
2002,MIN,11,OAK,home_team,MIN
2002,ANA,9,NYA,home_team,ANA
2002,SLN,6,ARI,home_team,SLN
2002,SFN,2,ATL,home_team,SFN
2002,OAK,4,MIN,home_team,OAK
2002,SFN,8,ATL,home_team,SFN
2002,ATL,1,SFN,home_team,ATL
2003,NYA,1,MIN,home_team,NYA
2003,ATL,2,CHN,home_team,ATL
2003,SFN,2,FLO,home_team,SFN
2003,OAK,5,BOS,home_team,OAK
2003,ATL,5,CHN,home_team,ATL
2003,SFN,5,FLO,home_team,SFN
2003,NYA,4,MIN,home_team,NYA
2003,OAK,5,BOS,home_team,OAK
2003,CHN,3,ATL,home_team,CHN
2003,FLO,4,SFN,home_team,FLO
2003,MIN,1,NYA,home_team,MIN
2003,BOS,3,OAK,home_team,BOS
2003,CHN,4,ATL,home_team,CHN
2003,FLO,7,SFN,home_team,FLO
2003,MIN,1,NYA,home_team,MIN
2003,BOS,5,OAK,home_team,BOS
2003,ATL,1,CHN,home_team,ATL
2003,OAK,3,BOS,home_team,OAK
2004,SLN,8,LAN,home_team,SLN
2004,ANA,3,BOS,home_team,ANA
2004,NYA,0,MIN,home_team,NYA
2004,ATL,3,HOU,home_team,ATL
2004,ANA,3,BOS,home_team,ANA
2004,NYA,7,MIN,home_team,NYA
2004,SLN,8,LAN,home_team,SLN
2004,ATL,4,HOU,home_team,ATL
2004,BOS,8,ANA,home_team,BOS
2004,MIN,4,NYA,home_team,MIN
2004,LAN,4,SLN,home_team,LAN
2004,HOU,8,ATL,home_team,HOU
2004,MIN,5,NYA,home_team,MIN
2004,LAN,2,SLN,home_team,LAN
2004,HOU,5,ATL,home_team,HOU
2004,ATL,3,HOU,home_team,ATL
2005,CHA,14,BOS,home_team,CHA
2005,ANA,2,NYA,home_team,ANA
2005,SLN,8,SDN,home_team,SLN
2005,CHA,5,BOS,home_team,CHA
2005,ANA,5,NYA,home_team,ANA
2005,ATL,5,HOU,home_team,ATL
2005,SLN,6,SDN,home_team,SLN
2005,ATL,7,HOU,home_team,ATL
2005,BOS,3,CHA,home_team,BOS
2005,NYA,7,ANA,home_team,NYA
2005,SDN,4,SLN,home_team,SDN
2005,HOU,7,ATL,home_team,HOU
2005,NYA,3,ANA,home_team,NYA
2005,HOU,7,ATL,home_team,HOU
2005,ANA,5,NYA,home_team,ANA
2006,MIN,2,OAK,home_team,MIN
2006,NYA,8,DET,home_team,NYA
2006,SDN,1,SLN,home_team,SDN
2006,MIN,2,OAK,home_team,MIN
2006,NYN,6,LAN,home_team,NYN
2006,NYA,3,DET,home_team,NYA
2006,SDN,0,SLN,home_team,SDN
2006,NYN,4,LAN,home_team,NYN
2006,OAK,8,MIN,home_team,OAK
2006,DET,6,NYA,home_team,DET
2006,DET,8,NYA,home_team,DET
2006,SLN,1,SDN,home_team,SLN
2006,LAN,5,NYN,home_team,LAN
2006,SLN,6,SDN,home_team,SLN
2007,ARI,3,CHN,home_team,ARI
2007,PHI,2,COL,home_team,PHI
2007,BOS,4,ANA,home_team,BOS
2007,ARI,8,CHN,home_team,ARI
2007,PHI,5,COL,home_team,PHI
2007,CLE,12,NYA,home_team,CLE
2007,BOS,6,ANA,home_team,BOS
2007,CLE,2,NYA,home_team,CLE
2007,CHN,1,ARI,home_team,CHN
2007,COL,2,PHI,home_team,COL
2007,ANA,1,BOS,home_team,ANA
2007,NYA,8,CLE,home_team,NYA
2007,NYA,4,CLE,home_team,NYA
2008,CHN,2,LAN,home_team,CHN
2008,PHI,3,MIL,home_team,PHI
2008,ANA,1,BOS,home_team,ANA
2008,CHN,3,LAN,home_team,CHN
2008,PHI,5,MIL,home_team,PHI
2008,TBA,6,CHA,home_team,TBA
2008,ANA,5,BOS,home_team,ANA
2008,TBA,6,CHA,home_team,TBA
2008,LAN,3,CHN,home_team,LAN
2008,MIL,4,PHI,home_team,MIL
2008,MIL,2,PHI,home_team,MIL
2008,BOS,4,ANA,home_team,BOS
2008,CHA,5,TBA,home_team,CHA
2008,BOS,3,ANA,home_team,BOS
2008,CHA,2,TBA,home_team,CHA
2009,PHI,5,COL,home_team,PHI
2009,LAN,5,SLN,home_team,LAN
2009,NYA,7,MIN,home_team,NYA
2009,PHI,4,COL,home_team,PHI
2009,LAN,3,SLN,home_team,LAN
2009,ANA,5,BOS,home_team,ANA
2009,NYA,4,MIN,home_team,NYA
2009,ANA,4,BOS,home_team,ANA
2009,SLN,1,LAN,home_team,SLN
2009,COL,5,PHI,home_team,COL
2009,MIN,1,NYA,home_team,MIN
2009,BOS,6,ANA,home_team,BOS
2009,COL,4,PHI,home_team,COL
2010,MIN,4,NYA,home_team,MIN
2010,TBA,1,TEX,home_team,TBA
2010,PHI,4,CIN,home_team,PHI
2010,MIN,2,NYA,home_team,MIN
2010,TBA,0,TEX,home_team,TBA
2010,SFN,1,ATL,home_team,SFN
2010,PHI,7,CIN,home_team,PHI
2010,SFN,4,ATL,home_team,SFN
2010,NYA,6,MIN,home_team,NYA
2010,TEX,3,TBA,home_team,TEX
2010,TEX,2,TBA,home_team,TEX
2010,CIN,0,PHI,home_team,CIN
2010,ATL,2,SFN,home_team,ATL
2010,ATL,2,SFN,home_team,ATL
2010,TBA,1,TEX,home_team,TBA
2011,TEX,0,TBA,home_team,TEX
2011,NYA,9,DET,home_team,NYA
2011,MIL,4,ARI,home_team,MIL
2011,PHI,11,SLN,home_team,PHI
2011,TEX,8,TBA,home_team,TEX
2011,MIL,9,ARI,home_team,MIL
2011,PHI,4,SLN,home_team,PHI
2011,NYA,3,DET,home_team,NYA
2011,TBA,3,TEX,home_team,TBA
2011,DET,5,NYA,home_team,DET
2011,ARI,8,MIL,home_team,ARI
2011,SLN,2,PHI,home_team,SLN
2011,TBA,3,TEX,home_team,TBA
2011,DET,1,NYA,home_team,DET
2011,ARI,10,MIL,home_team,ARI
2011,SLN,5,PHI,home_team,SLN
2011,NYA,2,DET,home_team,NYA
2011,MIL,3,ARI,home_team,MIL
2011,PHI,0,SLN,home_team,PHI
2012,DET,3,OAK,home_team,DET
2012,SFN,2,CIN,home_team,SFN
2012,DET,5,OAK,home_team,DET
2012,BAL,2,NYA,home_team,BAL
2012,SFN,0,CIN,home_team,SFN
2012,SLN,2,WAS,home_team,SLN
2012,BAL,3,NYA,home_team,BAL
2012,SLN,12,WAS,home_team,SLN
2012,OAK,2,DET,home_team,OAK
2012,CIN,1,SFN,home_team,CIN
2012,OAK,4,DET,home_team,OAK
2012,NYA,3,BAL,home_team,NYA
2012,CIN,3,SFN,home_team,CIN
2012,WAS,0,SLN,home_team,WAS
2012,OAK,0,DET,home_team,OAK
2012,NYA,1,BAL,home_team,NYA
2012,CIN,4,SFN,home_team,CIN
2012,WAS,2,SLN,home_team,WAS
2012,NYA,3,BAL,home_team,NYA
2012,WAS,7,SLN,home_team,WAS
2013,SLN,9,PIT,home_team,SLN
2013,ATL,1,LAN,home_team,ATL
2013,BOS,12,TBA,home_team,BOS
2013,OAK,2,DET,home_team,OAK
2013,SLN,1,PIT,home_team,SLN
2013,ATL,4,LAN,home_team,ATL
2013,BOS,7,TBA,home_team,BOS
2013,OAK,1,DET,home_team,OAK
2013,PIT,5,SLN,home_team,PIT
2013,LAN,13,ATL,home_team,LAN
2013,TBA,5,BOS,home_team,TBA
2013,DET,3,OAK,home_team,DET
2013,PIT,1,SLN,home_team,PIT
2013,LAN,4,ATL,home_team,LAN
2013,TBA,1,BOS,home_team,TBA
2013,DET,8,OAK,home_team,DET
2013,SLN,6,PIT,home_team,SLN
2013,OAK,0,DET,home_team,OAK
2014,BAL,12,DET,home_team,BAL
2014,ANA,2,KCA,home_team,ANA
2014,BAL,7,DET,home_team,BAL
2014,ANA,1,KCA,home_team,ANA
2014,WAS,2,SFN,home_team,WAS
2014,LAN,9,SLN,home_team,LAN
2014,WAS,1,SFN,home_team,WAS
2014,LAN,3,SLN,home_team,LAN
2014,DET,1,BAL,home_team,DET
2014,KCA,8,ANA,home_team,KCA
2014,SFN,1,WAS,home_team,SFN
2014,SLN,3,LAN,home_team,SLN
2014,SFN,3,WAS,home_team,SFN
2014,SLN,3,LAN,home_team,SLN
2015,KCA,2,HOU,home_team,KCA
2015,TOR,3,TEX,home_team,TOR
2015,KCA,5,HOU,home_team,KCA
2015,TOR,4,TEX,home_team,TOR
2015,LAN,1,NYN,home_team,LAN
2015,SLN,4,CHN,home_team,SLN
2015,LAN,5,NYN,home_team,LAN
2015,SLN,3,CHN,home_team,SLN
2015,HOU,4,KCA,home_team,HOU
2015,TEX,1,TOR,home_team,TEX
2015,HOU,6,KCA,home_team,HOU
2015,TEX,4,TOR,home_team,TEX
2015,NYN,13,LAN,home_team,NYN
2015,CHN,8,SLN,home_team,CHN
2015,NYN,1,LAN,home_team,NYN
2015,CHN,6,SLN,home_team,CHN
2015,KCA,7,HOU,home_team,KCA
2015,TOR,6,TEX,home_team,TOR
2015,LAN,2,NYN,home_team,LAN
2016,TEX,1,TOR,home_team,TEX
2016,CLE,5,BOS,home_team,CLE
2016,TEX,3,TOR,home_team,TEX
2016,CLE,6,BOS,home_team,CLE
2016,CHN,1,SFN,home_team,CHN
2016,WAS,3,LAN,home_team,WAS
2016,CHN,5,SFN,home_team,CHN
2016,TOR,7,TEX,home_team,TOR
2016,WAS,5,LAN,home_team,WAS
2016,BOS,3,CLE,home_team,BOS
2016,SFN,6,CHN,home_team,SFN
2016,LAN,3,WAS,home_team,LAN
2016,SFN,5,CHN,home_team,SFN
2016,LAN,6,WAS,home_team,LAN
2016,WAS,3,LAN,home_team,WAS
2017,HOU,8,BOS,home_team,HOU
2017,CLE,4,NYA,home_team,CLE
2017,LAN,9,ARI,home_team,LAN
2017,WAS,0,CHN,home_team,WAS
2017,HOU,8,BOS,home_team,HOU
2017,CLE,9,NYA,home_team,CLE
2017,LAN,8,ARI,home_team,LAN
2017,WAS,6,CHN,home_team,WAS
2017,BOS,10,HOU,home_team,BOS
2017,NYA,1,CLE,home_team,NYA
2017,ARI,1,LAN,home_team,ARI
2017,CHN,2,WAS,home_team,CHN
2017,BOS,4,HOU,home_team,BOS
2017,NYA,7,CLE,home_team,NYA
2017,CHN,0,WAS,home_team,CHN
2017,CLE,2,NYA,home_team,CLE
2017,WAS,8,CHN,home_team,WAS
1969,ATL,5,NYN,home_team,ATL
1969,BAL,4,MIN,home_team,BAL
1969,ATL,6,NYN,home_team,ATL
1969,BAL,1,MIN,home_team,BAL
1969,NYN,7,ATL,home_team,NYN
1969,MIN,2,BAL,home_team,MIN
1970,PIT,0,CIN,home_team,PIT
1970,MIN,6,BAL,home_team,MIN
1970,PIT,1,CIN,home_team,PIT
1970,MIN,3,BAL,home_team,MIN
1970,CIN,3,PIT,home_team,CIN
1970,BAL,6,MIN,home_team,BAL
1971,SFN,5,PIT,home_team,SFN
1971,SFN,4,PIT,home_team,SFN
1971,BAL,5,OAK,home_team,BAL
1971,BAL,5,OAK,home_team,BAL
1971,PIT,2,SFN,home_team,PIT
1971,OAK,3,BAL,home_team,OAK
1971,PIT,9,SFN,home_team,PIT
1972,PIT,5,CIN,home_team,PIT
1972,OAK,3,DET,home_team,OAK
1972,PIT,3,CIN,home_team,PIT
1972,OAK,5,DET,home_team,OAK
1972,CIN,2,PIT,home_team,CIN
1972,CIN,7,PIT,home_team,CIN
1972,DET,3,OAK,home_team,DET
1972,CIN,4,PIT,home_team,CIN
1972,DET,4,OAK,home_team,DET
1972,DET,1,OAK,home_team,DET
1973,CIN,2,NYN,home_team,CIN
1973,BAL,6,OAK,home_team,BAL
1973,CIN,0,NYN,home_team,CIN
1973,BAL,3,OAK,home_team,BAL
1973,NYN,9,CIN,home_team,NYN
1973,NYN,1,CIN,home_team,NYN
1973,OAK,2,BAL,home_team,OAK
1973,NYN,7,CIN,home_team,NYN
1973,OAK,4,BAL,home_team,OAK
1973,OAK,3,BAL,home_team,OAK
1974,PIT,0,LAN,home_team,PIT
1974,OAK,3,BAL,home_team,OAK
1974,PIT,2,LAN,home_team,PIT
1974,OAK,5,BAL,home_team,OAK
1974,LAN,0,PIT,home_team,LAN
1974,BAL,0,OAK,home_team,BAL
1974,LAN,12,PIT,home_team,LAN
1974,BAL,1,OAK,home_team,BAL
1975,CIN,8,PIT,home_team,CIN
1975,BOS,7,OAK,home_team,BOS
1975,CIN,6,PIT,home_team,CIN
1975,BOS,6,OAK,home_team,BOS
1975,PIT,3,CIN,home_team,PIT
1975,OAK,3,BOS,home_team,OAK
1976,PHI,3,CIN,home_team,PHI
1976,KCA,1,NYA,home_team,KCA
1976,PHI,2,CIN,home_team,PHI
1976,KCA,7,NYA,home_team,KCA
1976,CIN,7,PHI,home_team,CIN
1976,NYA,5,KCA,home_team,NYA
1976,NYA,4,KCA,home_team,NYA
1976,NYA,7,KCA,home_team,NYA
1977,LAN,5,PHI,home_team,LAN
1977,LAN,7,PHI,home_team,LAN
1977,NYA,2,KCA,home_team,NYA
1977,NYA,6,KCA,home_team,NYA
1977,PHI,5,LAN,home_team,PHI
1977,KCA,6,NYA,home_team,KCA
1977,PHI,1,LAN,home_team,PHI
1977,KCA,4,NYA,home_team,KCA
1977,KCA,3,NYA,home_team,KCA
1978,KCA,1,NYA,home_team,KCA
1978,PHI,5,LAN,home_team,PHI
1978,KCA,10,NYA,home_team,KCA
1978,PHI,0,LAN,home_team,PHI
1978,LAN,4,PHI,home_team,LAN
1978,NYA,6,KCA,home_team,NYA
1978,LAN,4,PHI,home_team,LAN
1978,NYA,2,KCA,home_team,NYA
1979,CIN,2,PIT,home_team,CIN
1979,CIN,2,PIT,home_team,CIN
1979,BAL,6,CAL,home_team,BAL
1979,BAL,9,CAL,home_team,BAL
1979,PIT,7,CIN,home_team,PIT
1979,CAL,4,BAL,home_team,CAL
1979,CAL,0,BAL,home_team,CAL
1980,PHI,3,HOU,home_team,PHI
1980,PHI,4,HOU,home_team,PHI
1980,KCA,7,NYA,home_team,KCA
1980,KCA,3,NYA,home_team,KCA
1980,HOU,1,PHI,home_team,HOU
1980,NYA,2,KCA,home_team,NYA
1980,HOU,3,PHI,home_team,HOU
1980,HOU,7,PHI,home_team,HOU
1981,LAN,5,MON,home_team,LAN
1981,NYA,3,OAK,home_team,NYA
1981,LAN,0,MON,home_team,LAN
1981,NYA,13,OAK,home_team,NYA
1981,OAK,0,NYA,home_team,OAK
1981,MON,4,LAN,home_team,MON
1981,MON,1,LAN,home_team,MON
1981,MON,1,LAN,home_team,MON
1982,CAL,8,MIL,home_team,CAL
1982,CAL,4,MIL,home_team,CAL
1982,SLN,7,ATL,home_team,SLN
1982,MIL,5,CAL,home_team,MIL
1982,SLN,4,ATL,home_team,SLN
1982,MIL,9,CAL,home_team,MIL
1982,ATL,2,SLN,home_team,ATL
1982,MIL,4,CAL,home_team,MIL
1983,LAN,0,PHI,home_team,LAN
1983,LAN,4,PHI,home_team,LAN
1983,BAL,1,CHA,home_team,BAL
1983,BAL,4,CHA,home_team,BAL
1983,PHI,7,LAN,home_team,PHI
1983,CHA,1,BAL,home_team,CHA
1983,PHI,7,LAN,home_team,PHI
1983,CHA,0,BAL,home_team,CHA
1984,CHN,13,SDN,home_team,CHN
1984,KCA,1,DET,home_team,KCA
1984,CHN,4,SDN,home_team,CHN
1984,KCA,3,DET,home_team,KCA
1984,SDN,7,CHN,home_team,SDN
1984,DET,1,KCA,home_team,DET
1984,SDN,7,CHN,home_team,SDN
1984,SDN,6,CHN,home_team,SDN
1985,TOR,6,KCA,home_team,TOR
1985,LAN,4,SLN,home_team,LAN
1985,TOR,6,KCA,home_team,TOR
1985,LAN,8,SLN,home_team,LAN
1985,KCA,6,TOR,home_team,KCA
1985,SLN,4,LAN,home_team,SLN
1985,KCA,1,TOR,home_team,KCA
1985,SLN,12,LAN,home_team,SLN
1985,KCA,2,TOR,home_team,KCA
1985,SLN,3,LAN,home_team,SLN
1985,TOR,3,KCA,home_team,TOR
1985,LAN,5,SLN,home_team,LAN
1985,TOR,2,KCA,home_team,TOR
1986,BOS,1,CAL,home_team,BOS
1986,HOU,1,NYN,home_team,HOU
1986,BOS,9,CAL,home_team,BOS
1986,HOU,1,NYN,home_team,HOU
1986,CAL,5,BOS,home_team,CAL
1986,NYN,6,HOU,home_team,NYN
1986,CAL,4,BOS,home_team,CAL
1986,NYN,1,HOU,home_team,NYN
1986,CAL,6,BOS,home_team,CAL
1986,NYN,2,HOU,home_team,NYN
1986,BOS,10,CAL,home_team,BOS
1986,HOU,6,NYN,home_team,HOU
1986,BOS,8,CAL,home_team,BOS
1987,SLN,5,SFN,home_team,SLN
1987,SLN,0,SFN,home_team,SLN
1987,MIN,8,DET,home_team,MIN
1987,MIN,6,DET,home_team,MIN
1987,SFN,5,SLN,home_team,SFN
1987,SFN,4,SLN,home_team,SFN
1987,DET,7,MIN,home_team,DET
1987,SFN,6,SLN,home_team,SFN
1987,DET,3,MIN,home_team,DET
1987,DET,5,MIN,home_team,DET
1987,SLN,1,SFN,home_team,SLN
1987,SLN,6,SFN,home_team,SLN
1988,LAN,2,NYN,home_team,LAN
1988,LAN,6,NYN,home_team,LAN
1988,BOS,1,OAK,home_team,BOS
1988,BOS,3,OAK,home_team,BOS
1988,NYN,8,LAN,home_team,NYN
1988,OAK,10,BOS,home_team,OAK
1988,NYN,4,LAN,home_team,NYN
1988,OAK,4,BOS,home_team,OAK
1988,NYN,4,LAN,home_team,NYN
1988,LAN,1,NYN,home_team,LAN
1988,LAN,6,NYN,home_team,LAN
1989,OAK,7,TOR,home_team,OAK
1989,CHN,3,SFN,home_team,CHN
1989,OAK,6,TOR,home_team,OAK
1989,CHN,9,SFN,home_team,CHN
1989,TOR,7,OAK,home_team,TOR
1989,SFN,5,CHN,home_team,SFN
1989,TOR,5,OAK,home_team,TOR
1989,SFN,6,CHN,home_team,SFN
1989,TOR,3,OAK,home_team,TOR
1989,SFN,3,CHN,home_team,SFN
1990,CIN,3,PIT,home_team,CIN
1990,CIN,2,PIT,home_team,CIN
1990,BOS,1,OAK,home_team,BOS
1990,BOS,1,OAK,home_team,BOS
1990,PIT,3,CIN,home_team,PIT
1990,PIT,3,CIN,home_team,PIT
1990,OAK,4,BOS,home_team,OAK
1990,PIT,3,CIN,home_team,PIT
1990,OAK,3,BOS,home_team,OAK
1990,CIN,2,PIT,home_team,CIN
1991,MIN,5,TOR,home_team,MIN
1991,PIT,5,ATL,home_team,PIT
1991,MIN,2,TOR,home_team,MIN
1991,PIT,0,ATL,home_team,PIT
1991,TOR,2,MIN,home_team,TOR
1991,ATL,10,PIT,home_team,ATL
1991,TOR,3,MIN,home_team,TOR
1991,ATL,2,PIT,home_team,ATL
1991,TOR,5,MIN,home_team,TOR
1991,ATL,0,PIT,home_team,ATL
1991,PIT,0,ATL,home_team,PIT
1991,PIT,0,ATL,home_team,PIT
1992,ATL,5,PIT,home_team,ATL
1992,ATL,13,PIT,home_team,ATL
1992,TOR,3,OAK,home_team,TOR
1992,TOR,3,OAK,home_team,TOR
1992,PIT,3,ATL,home_team,PIT
1992,PIT,4,ATL,home_team,PIT
1992,OAK,5,TOR,home_team,OAK
1992,PIT,7,ATL,home_team,PIT
1992,OAK,6,TOR,home_team,OAK
1992,OAK,6,TOR,home_team,OAK
1992,ATL,4,PIT,home_team,ATL
1992,ATL,3,PIT,home_team,ATL
1992,TOR,9,OAK,home_team,TOR
1993,CHA,3,TOR,home_team,CHA
1993,PHI,4,ATL,home_team,PHI
1993,CHA,1,TOR,home_team,CHA
1993,PHI,3,ATL,home_team,PHI
1993,TOR,1,CHA,home_team,TOR
1993,ATL,9,PHI,home_team,ATL
1993,TOR,4,CHA,home_team,TOR
1993,ATL,1,PHI,home_team,ATL
1993,TOR,5,CHA,home_team,TOR
1993,ATL,3,PHI,home_team,ATL
1993,CHA,3,TOR,home_team,CHA
1993,PHI,6,ATL,home_team,PHI
1995,CIN,1,ATL,home_team,CIN
1995,SEA,3,CLE,home_team,SEA
1995,CIN,2,ATL,home_team,CIN
1995,SEA,2,CLE,home_team,SEA
1995,ATL,5,CIN,home_team,ATL
1995,CLE,2,SEA,home_team,CLE
1995,ATL,6,CIN,home_team,ATL
1995,CLE,7,SEA,home_team,CLE
1995,CLE,3,SEA,home_team,CLE
1995,SEA,0,CLE,home_team,SEA
1996,ATL,4,SLN,home_team,ATL
1996,NYA,5,BAL,home_team,NYA
1996,ATL,3,SLN,home_team,ATL
1996,NYA,3,BAL,home_team,NYA
1996,BAL,2,NYA,home_team,BAL
1996,SLN,3,ATL,home_team,SLN
1996,BAL,4,NYA,home_team,BAL
1996,SLN,4,ATL,home_team,SLN
1996,BAL,4,NYA,home_team,BAL
1996,SLN,0,ATL,home_team,SLN
1996,ATL,3,SLN,home_team,ATL
1996,ATL,15,SLN,home_team,ATL
1997,ATL,3,FLO,home_team,ATL
1997,ATL,7,FLO,home_team,ATL
1997,BAL,3,CLE,home_team,BAL
1997,BAL,4,CLE,home_team,BAL
1997,FLO,5,ATL,home_team,FLO
1997,FLO,0,ATL,home_team,FLO
1997,CLE,2,BAL,home_team,CLE
1997,FLO,2,ATL,home_team,FLO
1997,CLE,8,BAL,home_team,CLE
1997,CLE,2,BAL,home_team,CLE
1997,ATL,4,FLO,home_team,ATL
1997,BAL,0,CLE,home_team,BAL
1998,NYA,7,CLE,home_team,NYA
1998,NYA,1,CLE,home_team,NYA
1998,ATL,2,SDN,home_team,ATL
1998,ATL,0,SDN,home_team,ATL
1998,CLE,6,NYA,home_team,CLE
1998,CLE,0,NYA,home_team,CLE
1998,SDN,4,ATL,home_team,SDN
1998,CLE,3,NYA,home_team,CLE
1998,SDN,3,ATL,home_team,SDN
1998,SDN,6,ATL,home_team,SDN
1998,NYA,9,CLE,home_team,NYA
1998,ATL,0,SDN,home_team,ATL
1999,ATL,4,NYN,home_team,ATL
1999,NYA,4,BOS,home_team,NYA
1999,ATL,4,NYN,home_team,ATL
1999,NYA,3,BOS,home_team,NYA
1999,NYN,0,ATL,home_team,NYN
1999,BOS,13,NYA,home_team,BOS
1999,NYN,3,ATL,home_team,NYN
1999,BOS,2,NYA,home_team,BOS
1999,NYN,4,ATL,home_team,NYN
1999,BOS,1,NYA,home_team,BOS
1999,ATL,10,NYN,home_team,ATL
2000,NYA,0,SEA,home_team,NYA
2000,SLN,2,NYN,home_team,SLN
2000,NYA,7,SEA,home_team,NYA
2000,SLN,5,NYN,home_team,SLN
2000,SEA,2,NYA,home_team,SEA
2000,NYN,2,SLN,home_team,NYN
2000,SEA,0,NYA,home_team,SEA
2000,NYN,10,SLN,home_team,NYN
2000,SEA,6,NYA,home_team,SEA
2000,NYN,7,SLN,home_team,NYN
2000,NYA,9,SEA,home_team,NYA
2001,ARI,2,ATL,home_team,ARI
2001,SEA,2,NYA,home_team,SEA
2001,ARI,1,ATL,home_team,ARI
2001,SEA,2,NYA,home_team,SEA
2001,ATL,1,ARI,home_team,ATL
2001,NYA,3,SEA,home_team,NYA
2001,ATL,4,ARI,home_team,ATL
2001,NYA,3,SEA,home_team,NYA
2001,ATL,2,ARI,home_team,ATL
2001,NYA,12,SEA,home_team,NYA
2002,MIN,2,ANA,home_team,MIN
2002,MIN,3,ANA,home_team,MIN
2002,SLN,6,SFN,home_team,SLN
2002,SLN,1,SFN,home_team,SLN
2002,ANA,2,MIN,home_team,ANA
2002,ANA,7,MIN,home_team,ANA
2002,SFN,4,SLN,home_team,SFN
2002,ANA,13,MIN,home_team,ANA
2002,SFN,4,SLN,home_team,SFN
2002,SFN,2,SLN,home_team,SFN
2003,CHN,8,FLO,home_team,CHN
2003,NYA,2,BOS,home_team,NYA
2003,CHN,12,FLO,home_team,CHN
2003,NYA,6,BOS,home_team,NYA
2003,FLO,4,CHN,home_team,FLO
2003,BOS,3,NYA,home_team,BOS
2003,FLO,3,CHN,home_team,FLO
2003,FLO,4,CHN,home_team,FLO
2003,BOS,3,NYA,home_team,BOS
2003,BOS,2,NYA,home_team,BOS
2003,CHN,3,FLO,home_team,CHN
2003,NYA,6,BOS,home_team,NYA
2003,CHN,6,FLO,home_team,CHN
2003,NYA,6,BOS,home_team,NYA
2004,NYA,10,BOS,home_team,NYA
2004,SLN,10,HOU,home_team,SLN
2004,NYA,3,BOS,home_team,NYA
2004,SLN,6,HOU,home_team,SLN
2004,HOU,5,SLN,home_team,HOU
2004,BOS,8,NYA,home_team,BOS
2004,HOU,6,SLN,home_team,HOU
2004,BOS,6,NYA,home_team,BOS
2004,HOU,3,SLN,home_team,HOU
2004,BOS,5,NYA,home_team,BOS
2004,NYA,2,BOS,home_team,NYA
2004,SLN,6,HOU,home_team,SLN
2004,NYA,3,BOS,home_team,NYA
2004,SLN,5,HOU,home_team,SLN
2005,CHA,2,ANA,home_team,CHA
2005,CHA,2,ANA,home_team,CHA
2005,SLN,5,HOU,home_team,SLN
2005,SLN,1,HOU,home_team,SLN
2005,ANA,2,CHA,home_team,ANA
2005,ANA,2,CHA,home_team,ANA
2005,HOU,4,SLN,home_team,HOU
2005,ANA,3,CHA,home_team,ANA
2005,HOU,2,SLN,home_team,HOU
2005,HOU,4,SLN,home_team,HOU
2005,SLN,1,HOU,home_team,SLN
2006,OAK,1,DET,home_team,OAK
2006,OAK,5,DET,home_team,OAK
2006,NYN,2,SLN,home_team,NYN
2006,DET,3,OAK,home_team,DET
2006,NYN,6,SLN,home_team,NYN
2006,DET,6,OAK,home_team,DET
2006,SLN,5,NYN,home_team,SLN
2006,SLN,5,NYN,home_team,SLN
2006,SLN,4,NYN,home_team,SLN
2006,NYN,4,SLN,home_team,NYN
2006,NYN,1,SLN,home_team,NYN
2007,ARI,1,COL,home_team,ARI
2007,ARI,2,COL,home_team,ARI
2007,BOS,10,CLE,home_team,BOS
2007,BOS,6,CLE,home_team,BOS
2007,COL,4,ARI,home_team,COL
2007,COL,6,ARI,home_team,COL
2007,CLE,4,BOS,home_team,CLE
2007,CLE,7,BOS,home_team,CLE
2007,CLE,1,BOS,home_team,CLE
2007,BOS,12,CLE,home_team,BOS
2007,BOS,11,CLE,home_team,BOS
2008,PHI,3,LAN,home_team,PHI
2008,PHI,8,LAN,home_team,PHI
2008,TBA,0,BOS,home_team,TBA
2008,TBA,9,BOS,home_team,TBA
2008,LAN,7,PHI,home_team,LAN
2008,LAN,5,PHI,home_team,LAN
2008,BOS,1,TBA,home_team,BOS
2008,BOS,4,TBA,home_team,BOS
2008,LAN,1,PHI,home_team,LAN
2008,BOS,8,TBA,home_team,BOS
2008,TBA,2,BOS,home_team,TBA
2008,TBA,3,BOS,home_team,TBA
2009,LAN,6,PHI,home_team,LAN
2009,LAN,2,PHI,home_team,LAN
2009,NYA,4,ANA,home_team,NYA
2009,NYA,4,ANA,home_team,NYA
2009,PHI,11,LAN,home_team,PHI
2009,PHI,5,LAN,home_team,PHI
2009,ANA,5,NYA,home_team,ANA
2009,ANA,1,NYA,home_team,ANA
2009,PHI,10,LAN,home_team,PHI
2009,ANA,7,NYA,home_team,ANA
2009,NYA,5,ANA,home_team,NYA
2010,TEX,5,NYA,home_team,TEX
2010,TEX,7,NYA,home_team,TEX
2010,PHI,3,SFN,home_team,PHI
2010,PHI,6,SFN,home_team,PHI
2010,NYA,0,TEX,home_team,NYA
2010,NYA,3,TEX,home_team,NYA
2010,SFN,3,PHI,home_team,SFN
2010,NYA,7,TEX,home_team,NYA
2010,SFN,6,PHI,home_team,SFN
2010,SFN,2,PHI,home_team,SFN
2010,TEX,6,NYA,home_team,TEX
2010,PHI,2,SFN,home_team,PHI
2011,TEX,3,DET,home_team,TEX
2011,MIL,9,SLN,home_team,MIL
2011,MIL,3,SLN,home_team,MIL
2011,TEX,7,DET,home_team,TEX
2011,DET,5,TEX,home_team,DET
2011,SLN,4,MIL,home_team,SLN
2011,DET,3,TEX,home_team,DET
2011,SLN,2,MIL,home_team,SLN
2011,DET,7,TEX,home_team,DET
2011,SLN,7,MIL,home_team,SLN
2011,TEX,15,DET,home_team,TEX
2011,MIL,6,SLN,home_team,MIL
2012,NYA,4,DET,home_team,NYA
2012,NYA,0,DET,home_team,NYA
2012,SFN,4,SLN,home_team,SFN
2012,SFN,7,SLN,home_team,SFN
2012,DET,2,NYA,home_team,DET
2012,SLN,3,SFN,home_team,SLN
2012,DET,8,NYA,home_team,DET
2012,SLN,8,SFN,home_team,SLN
2012,SLN,0,SFN,home_team,SLN
2012,SFN,6,SLN,home_team,SFN
2012,SFN,9,SLN,home_team,SFN
2013,SLN,3,LAN,home_team,SLN
2013,BOS,0,DET,home_team,BOS
2013,SLN,1,LAN,home_team,SLN
2013,BOS,6,DET,home_team,BOS
2013,LAN,3,SLN,home_team,LAN
2013,DET,0,BOS,home_team,DET
2013,LAN,2,SLN,home_team,LAN
2013,DET,7,BOS,home_team,DET
2013,LAN,6,SLN,home_team,LAN
2013,DET,3,BOS,home_team,DET
2013,SLN,9,LAN,home_team,SLN
2013,BOS,5,DET,home_team,BOS
2014,BAL,6,KCA,home_team,BAL
2014,BAL,4,KCA,home_team,BAL
2014,SLN,0,SFN,home_team,SLN
2014,SLN,5,SFN,home_team,SLN
2014,KCA,2,BAL,home_team,KCA
2014,SFN,5,SLN,home_team,SFN
2014,KCA,2,BAL,home_team,KCA
2014,SFN,6,SLN,home_team,SFN
2014,SFN,6,SLN,home_team,SFN
2015,KCA,5,TOR,home_team,KCA
2015,KCA,6,TOR,home_team,KCA
2015,NYN,4,CHN,home_team,NYN
2015,NYN,4,CHN,home_team,NYN
2015,TOR,11,KCA,home_team,TOR
2015,TOR,2,KCA,home_team,TOR
2015,CHN,2,NYN,home_team,CHN
2015,TOR,7,KCA,home_team,TOR
2015,CHN,3,NYN,home_team,CHN
2015,KCA,4,TOR,home_team,KCA
2016,CLE,2,TOR,home_team,CLE
2016,CLE,2,TOR,home_team,CLE
2016,CHN,8,LAN,home_team,CHN
2016,CHN,0,LAN,home_team,CHN
2016,TOR,2,CLE,home_team,TOR
2016,TOR,5,CLE,home_team,TOR
2016,LAN,6,CHN,home_team,LAN
2016,TOR,0,CLE,home_team,TOR
2016,LAN,2,CHN,home_team,LAN
2016,LAN,4,CHN,home_team,LAN
2016,CHN,5,LAN,home_team,CHN
2017,HOU,2,NYA,home_team,HOU
2017,LAN,5,CHN,home_team,LAN
2017,HOU,2,NYA,home_team,HOU
2017,LAN,4,CHN,home_team,LAN
2017,NYA,8,HOU,home_team,NYA
2017,CHN,1,LAN,home_team,CHN
2017,NYA,6,HOU,home_team,NYA
2017,CHN,3,LAN,home_team,CHN
2017,NYA,5,HOU,home_team,NYA
2017,CHN,1,LAN,home_team,CHN
2017,HOU,7,NYA,home_team,HOU
2017,HOU,4,NYA,home_team,HOU
2012,TEX,1,BAL,home_team,TEX
2012,ATL,3,SLN,home_team,ATL
2013,PIT,6,CIN,home_team,PIT
2013,CLE,0,TBA,home_team,CLE
2014,KCA,9,OAK,home_team,KCA
2014,PIT,0,SFN,home_team,PIT
2015,NYA,0,HOU,home_team,NYA
2015,PIT,0,CHN,home_team,PIT
2016,TOR,5,BAL,home_team,TOR
2016,NYN,0,SFN,home_team,NYN
2017,NYA,8,MIN,home_team,NYA
2017,ARI,11,COL,home_team,ARI
1903,BOS,3,PIT,home_team,BOS
1903,BOS,3,PIT,home_team,BOS
1903,BOS,2,PIT,home_team,BOS
1903,PIT,5,BOS,home_team,PIT
1903,PIT,2,BOS,home_team,PIT
1903,PIT,3,BOS,home_team,PIT
1903,PIT,3,BOS,home_team,PIT
1903,BOS,3,PIT,home_team,BOS
1905,PHA,0,NY1,home_team,PHA
1905,NY1,0,PHA,home_team,NY1
1905,PHA,0,NY1,home_team,PHA
1905,NY1,1,PHA,home_team,NY1
1905,NY1,2,PHA,home_team,NY1
1906,CHN,1,CHA,home_team,CHN
1906,CHA,1,CHN,home_team,CHA
1906,CHN,0,CHA,home_team,CHN
1906,CHA,0,CHN,home_team,CHA
1906,CHN,6,CHA,home_team,CHN
1906,CHA,8,CHN,home_team,CHA
1907,CHN,3,DET,home_team,CHN
1907,CHN,3,DET,home_team,CHN
1907,CHN,5,DET,home_team,CHN
1907,DET,1,CHN,home_team,DET
1907,DET,0,CHN,home_team,DET
1908,DET,6,CHN,home_team,DET
1908,CHN,6,DET,home_team,CHN
1908,CHN,3,DET,home_team,CHN
1908,DET,0,CHN,home_team,DET
1908,DET,0,CHN,home_team,DET
1909,PIT,4,DET,home_team,PIT
1909,PIT,2,DET,home_team,PIT
1909,DET,6,PIT,home_team,DET
1909,DET,5,PIT,home_team,DET
1909,PIT,8,DET,home_team,PIT
1909,DET,5,PIT,home_team,DET
1909,DET,0,PIT,home_team,DET
1910,PHA,4,CHN,home_team,PHA
1910,PHA,9,CHN,home_team,PHA
1910,CHN,5,PHA,home_team,CHN
1910,CHN,4,PHA,home_team,CHN
1910,CHN,2,PHA,home_team,CHN
1911,NY1,2,PHA,home_team,NY1
1911,PHA,3,NY1,home_team,PHA
1911,NY1,2,PHA,home_team,NY1
1911,PHA,4,NY1,home_team,PHA
1911,NY1,4,PHA,home_team,NY1
1911,PHA,13,NY1,home_team,PHA
1912,NY1,3,BOS,home_team,NY1
1912,BOS,6,NY1,home_team,BOS
1912,BOS,1,NY1,home_team,BOS
1912,NY1,1,BOS,home_team,NY1
1912,BOS,2,NY1,home_team,BOS
1912,NY1,5,BOS,home_team,NY1
1912,BOS,4,NY1,home_team,BOS
1912,BOS,3,NY1,home_team,BOS
1913,NY1,4,PHA,home_team,NY1
1913,PHA,0,NY1,home_team,PHA
1913,NY1,2,PHA,home_team,NY1
1913,PHA,6,NY1,home_team,PHA
1913,NY1,1,PHA,home_team,NY1
1914,PHA,1,BSN,home_team,PHA
1914,PHA,0,BSN,home_team,PHA
1914,BSN,5,PHA,home_team,BSN
1914,BSN,3,PHA,home_team,BSN
1915,PHI,3,BOS,home_team,PHI
1915,PHI,1,BOS,home_team,PHI
1915,BOS,2,PHI,home_team,BOS
1915,BOS,2,PHI,home_team,BOS
1915,PHI,4,BOS,home_team,PHI
1916,BOS,6,BRO,home_team,BOS
1916,BOS,2,BRO,home_team,BOS
1916,BRO,4,BOS,home_team,BRO
1916,BRO,2,BOS,home_team,BRO
1916,BOS,4,BRO,home_team,BOS
1917,CHA,2,NY1,home_team,CHA
1917,CHA,7,NY1,home_team,CHA
1917,NY1,2,CHA,home_team,NY1
1917,NY1,5,CHA,home_team,NY1
1917,CHA,8,NY1,home_team,CHA
1917,NY1,2,CHA,home_team,NY1
1918,CHN,0,BOS,home_team,CHN
1918,CHN,3,BOS,home_team,CHN
1918,CHN,1,BOS,home_team,CHN
1918,BOS,3,CHN,home_team,BOS
1918,BOS,0,CHN,home_team,BOS
1918,BOS,2,CHN,home_team,BOS
1919,CIN,9,CHA,home_team,CIN
1919,CIN,4,CHA,home_team,CIN
1919,CHA,3,CIN,home_team,CHA
1919,CHA,0,CIN,home_team,CHA
1919,CHA,0,CIN,home_team,CHA
1919,CIN,4,CHA,home_team,CIN
1919,CIN,1,CHA,home_team,CIN
1919,CHA,5,CIN,home_team,CHA
1920,BRO,1,CLE,home_team,BRO
1920,BRO,3,CLE,home_team,BRO
1920,BRO,2,CLE,home_team,BRO
1920,CLE,5,BRO,home_team,CLE
1920,CLE,8,BRO,home_team,CLE
1920,CLE,1,BRO,home_team,CLE
1920,CLE,3,BRO,home_team,CLE
1921,NY1,0,NYA,home_team,NY1
1921,NYA,3,NY1,home_team,NYA
1921,NY1,13,NYA,home_team,NY1
1921,NYA,2,NY1,home_team,NYA
1921,NY1,1,NYA,home_team,NY1
1921,NYA,5,NY1,home_team,NYA
1921,NY1,2,NYA,home_team,NY1
1921,NYA,0,NY1,home_team,NYA
1922,NY1,3,NYA,home_team,NY1
1922,NYA,3,NY1,home_team,NYA
1922,NY1,3,NYA,home_team,NY1
1922,NYA,3,NY1,home_team,NYA
1922,NY1,5,NYA,home_team,NY1
1923,NYA,4,NY1,home_team,NYA
1923,NY1,2,NYA,home_team,NY1
1923,NYA,0,NY1,home_team,NYA
1923,NY1,4,NYA,home_team,NY1
1923,NYA,8,NY1,home_team,NYA
1923,NY1,4,NYA,home_team,NY1
1924,WS1,3,NY1,home_team,WS1
1924,WS1,4,NY1,home_team,WS1
1924,NY1,6,WS1,home_team,NY1
1924,NY1,4,WS1,home_team,NY1
1924,NY1,6,WS1,home_team,NY1
1924,WS1,2,NY1,home_team,WS1
1924,WS1,4,NY1,home_team,WS1
1925,PIT,1,WS1,home_team,PIT
1925,PIT,3,WS1,home_team,PIT
1925,WS1,4,PIT,home_team,WS1
1925,WS1,4,PIT,home_team,WS1
1925,WS1,3,PIT,home_team,WS1
1925,PIT,3,WS1,home_team,PIT
1925,PIT,9,WS1,home_team,PIT
1926,NYA,2,SLN,home_team,NYA
1926,NYA,2,SLN,home_team,NYA
1926,SLN,4,NYA,home_team,SLN
1926,SLN,5,NYA,home_team,SLN
1926,SLN,2,NYA,home_team,SLN
1926,NYA,2,SLN,home_team,NYA
1926,NYA,2,SLN,home_team,NYA
1927,PIT,4,NYA,home_team,PIT
1927,PIT,2,NYA,home_team,PIT
1927,NYA,8,PIT,home_team,NYA
1927,NYA,4,PIT,home_team,NYA
1928,NYA,4,SLN,home_team,NYA
1928,NYA,9,SLN,home_team,NYA
1928,SLN,3,NYA,home_team,SLN
1928,SLN,3,NYA,home_team,SLN
1929,CHN,1,PHA,home_team,CHN
1929,CHN,3,PHA,home_team,CHN
1929,PHA,1,CHN,home_team,PHA
1929,PHA,10,CHN,home_team,PHA
1929,PHA,3,CHN,home_team,PHA
1930,PHA,5,SLN,home_team,PHA
1930,PHA,6,SLN,home_team,PHA
1930,SLN,5,PHA,home_team,SLN
1930,SLN,3,PHA,home_team,SLN
1930,SLN,0,PHA,home_team,SLN
1930,PHA,7,SLN,home_team,PHA
1931,SLN,2,PHA,home_team,SLN
1931,SLN,2,PHA,home_team,SLN
1931,PHA,2,SLN,home_team,PHA
1931,PHA,3,SLN,home_team,PHA
1931,PHA,1,SLN,home_team,PHA
1931,SLN,1,PHA,home_team,SLN
1931,SLN,4,PHA,home_team,SLN
1932,NYA,12,CHN,home_team,NYA
1932,NYA,5,CHN,home_team,NYA
1932,CHN,5,NYA,home_team,CHN
1932,CHN,6,NYA,home_team,CHN
1933,NY1,4,WS1,home_team,NY1
1933,NY1,6,WS1,home_team,NY1
1933,WS1,4,NY1,home_team,WS1
1933,WS1,1,NY1,home_team,WS1
1933,WS1,3,NY1,home_team,WS1
1934,DET,3,SLN,home_team,DET
1934,DET,3,SLN,home_team,DET
1934,SLN,4,DET,home_team,SLN
1934,SLN,4,DET,home_team,SLN
1934,SLN,1,DET,home_team,SLN
1934,DET,3,SLN,home_team,DET
1934,DET,0,SLN,home_team,DET
1935,DET,0,CHN,home_team,DET
1935,DET,8,CHN,home_team,DET
1935,CHN,5,DET,home_team,CHN
1935,CHN,1,DET,home_team,CHN
1935,CHN,3,DET,home_team,CHN
1935,DET,4,CHN,home_team,DET
1936,NY1,6,NYA,home_team,NY1
1936,NY1,4,NYA,home_team,NY1
1936,NYA,2,NY1,home_team,NYA
1936,NYA,5,NY1,home_team,NYA
1936,NYA,4,NY1,home_team,NYA
1936,NY1,5,NYA,home_team,NY1
1937,NYA,8,NY1,home_team,NYA
1937,NYA,8,NY1,home_team,NYA
1937,NY1,1,NYA,home_team,NY1
1937,NY1,7,NYA,home_team,NY1
1937,NY1,2,NYA,home_team,NY1
1938,CHN,1,NYA,home_team,CHN
1938,CHN,3,NYA,home_team,CHN
1938,NYA,5,CHN,home_team,NYA
1938,NYA,8,CHN,home_team,NYA
1939,NYA,2,CIN,home_team,NYA
1939,NYA,4,CIN,home_team,NYA
1939,CIN,3,NYA,home_team,CIN
1939,CIN,4,NYA,home_team,CIN
1940,CIN,2,DET,home_team,CIN
1940,CIN,5,DET,home_team,CIN
1940,DET,7,CIN,home_team,DET
1940,DET,2,CIN,home_team,DET
1940,DET,8,CIN,home_team,DET
1940,CIN,4,DET,home_team,CIN
1940,CIN,2,DET,home_team,CIN
1941,NYA,3,BRO,home_team,NYA
1941,NYA,2,BRO,home_team,NYA
1941,BRO,1,NYA,home_team,BRO
1941,BRO,4,NYA,home_team,BRO
1941,BRO,1,NYA,home_team,BRO
1942,SLN,4,NYA,home_team,SLN
1942,SLN,4,NYA,home_team,SLN
1942,NYA,0,SLN,home_team,NYA
1942,NYA,6,SLN,home_team,NYA
1942,NYA,2,SLN,home_team,NYA
1943,NYA,4,SLN,home_team,NYA
1943,NYA,3,SLN,home_team,NYA
1943,NYA,6,SLN,home_team,NYA
1943,SLN,1,NYA,home_team,SLN
1943,SLN,0,NYA,home_team,SLN
1944,SLN,1,SLA,home_team,SLN
1944,SLN,3,SLA,home_team,SLN
1944,SLA,6,SLN,home_team,SLA
1944,SLA,1,SLN,home_team,SLA
1944,SLA,0,SLN,home_team,SLA
1944,SLN,3,SLA,home_team,SLN
1945,DET,0,CHN,home_team,DET
1945,DET,4,CHN,home_team,DET
1945,DET,0,CHN,home_team,DET
1945,CHN,1,DET,home_team,CHN
1945,CHN,4,DET,home_team,CHN
1945,CHN,8,DET,home_team,CHN
1945,CHN,3,DET,home_team,CHN
1946,SLN,2,BOS,home_team,SLN
1946,SLN,3,BOS,home_team,SLN
1946,BOS,4,SLN,home_team,BOS
1946,BOS,3,SLN,home_team,BOS
1946,BOS,6,SLN,home_team,BOS
1946,SLN,4,BOS,home_team,SLN
1946,SLN,4,BOS,home_team,SLN
1947,NYA,5,BRO,home_team,NYA
1947,NYA,10,BRO,home_team,NYA
1947,BRO,9,NYA,home_team,BRO
1947,BRO,3,NYA,home_team,BRO
1947,BRO,1,NYA,home_team,BRO
1947,NYA,6,BRO,home_team,NYA
1947,NYA,5,BRO,home_team,NYA
1948,BSN,1,CLE,home_team,BSN
1948,BSN,1,CLE,home_team,BSN
1948,CLE,2,BSN,home_team,CLE
1948,CLE,2,BSN,home_team,CLE
1948,CLE,5,BSN,home_team,CLE
1948,BSN,3,CLE,home_team,BSN
1949,NYA,1,BRO,home_team,NYA
1949,NYA,0,BRO,home_team,NYA
1949,BRO,3,NYA,home_team,BRO
1949,BRO,4,NYA,home_team,BRO
1949,BRO,6,NYA,home_team,BRO
1950,PHI,0,NYA,home_team,PHI
1950,PHI,1,NYA,home_team,PHI
1950,NYA,3,PHI,home_team,NYA
1950,NYA,5,PHI,home_team,NYA
1951,NYA,1,NY1,home_team,NYA
1951,NYA,3,NY1,home_team,NYA
1951,NY1,6,NYA,home_team,NY1
1951,NY1,2,NYA,home_team,NY1
1951,NY1,1,NYA,home_team,NY1
1951,NYA,4,NY1,home_team,NYA
1952,BRO,4,NYA,home_team,BRO
1952,BRO,1,NYA,home_team,BRO
1952,NYA,3,BRO,home_team,NYA
1952,NYA,2,BRO,home_team,NYA
1952,NYA,5,BRO,home_team,NYA
1952,BRO,2,NYA,home_team,BRO
1952,BRO,2,NYA,home_team,BRO
1953,NYA,9,BRO,home_team,NYA
1953,NYA,4,BRO,home_team,NYA
1953,BRO,3,NYA,home_team,BRO
1953,BRO,7,NYA,home_team,BRO
1953,BRO,7,NYA,home_team,BRO
1953,NYA,4,BRO,home_team,NYA
1954,NY1,5,CLE,home_team,NY1
1954,NY1,3,CLE,home_team,NY1
1954,CLE,2,NY1,home_team,CLE
1954,CLE,4,NY1,home_team,CLE
1955,NYA,6,BRO,home_team,NYA
1955,NYA,4,BRO,home_team,NYA
1955,BRO,8,NYA,home_team,BRO
1955,BRO,8,NYA,home_team,BRO
1955,BRO,5,NYA,home_team,BRO
1955,NYA,5,BRO,home_team,NYA
1955,NYA,0,BRO,home_team,NYA
1956,BRO,6,NYA,home_team,BRO
1956,BRO,13,NYA,home_team,BRO
1956,NYA,5,BRO,home_team,NYA
1956,NYA,6,BRO,home_team,NYA
1956,NYA,2,BRO,home_team,NYA
1956,BRO,1,NYA,home_team,BRO
1956,BRO,0,NYA,home_team,BRO
1957,NYA,3,MLN,home_team,NYA
1957,NYA,2,MLN,home_team,NYA
1957,MLN,3,NYA,home_team,MLN
1957,MLN,7,NYA,home_team,MLN
1957,MLN,1,NYA,home_team,MLN
1957,NYA,3,MLN,home_team,NYA
1957,NYA,0,MLN,home_team,NYA
1958,MLN,4,NYA,home_team,MLN
1958,MLN,13,NYA,home_team,MLN
1958,NYA,4,MLN,home_team,NYA
1958,NYA,0,MLN,home_team,NYA
1958,NYA,7,MLN,home_team,NYA
1958,MLN,3,NYA,home_team,MLN
1958,MLN,2,NYA,home_team,MLN
1959,CHA,11,LAN,home_team,CHA
1959,CHA,3,LAN,home_team,CHA
1959,LAN,3,CHA,home_team,LAN
1959,LAN,5,CHA,home_team,LAN
1959,LAN,0,CHA,home_team,LAN
1959,CHA,3,LAN,home_team,CHA
1960,PIT,6,NYA,home_team,PIT
1960,PIT,3,NYA,home_team,PIT
1960,NYA,10,PIT,home_team,NYA
1960,NYA,2,PIT,home_team,NYA
1960,NYA,2,PIT,home_team,NYA
1960,PIT,0,NYA,home_team,PIT
1960,PIT,10,NYA,home_team,PIT
1961,NYA,2,CIN,home_team,NYA
1961,NYA,2,CIN,home_team,NYA
1961,CIN,2,NYA,home_team,CIN
1961,CIN,0,NYA,home_team,CIN
1961,CIN,5,NYA,home_team,CIN
1962,SFN,2,NYA,home_team,SFN
1962,SFN,2,NYA,home_team,SFN
1962,NYA,3,SFN,home_team,NYA
1962,NYA,3,SFN,home_team,NYA
1962,NYA,5,SFN,home_team,NYA
1962,SFN,5,NYA,home_team,SFN
1962,SFN,0,NYA,home_team,SFN
1963,NYA,2,LAN,home_team,NYA
1963,NYA,1,LAN,home_team,NYA
1963,LAN,1,NYA,home_team,LAN
1963,LAN,2,NYA,home_team,LAN
1964,SLN,9,NYA,home_team,SLN
1964,SLN,3,NYA,home_team,SLN
1964,NYA,2,SLN,home_team,NYA
1964,NYA,3,SLN,home_team,NYA
1964,NYA,2,SLN,home_team,NYA
1964,SLN,3,NYA,home_team,SLN
1964,SLN,7,NYA,home_team,SLN
1965,MIN,8,LAN,home_team,MIN
1965,MIN,5,LAN,home_team,MIN
1965,LAN,4,MIN,home_team,LAN
1965,LAN,7,MIN,home_team,LAN
1965,LAN,7,MIN,home_team,LAN
1965,MIN,5,LAN,home_team,MIN
1965,MIN,0,LAN,home_team,MIN
1966,LAN,2,BAL,home_team,LAN
1966,LAN,0,BAL,home_team,LAN
1966,BAL,1,LAN,home_team,BAL
1966,BAL,1,LAN,home_team,BAL
1967,BOS,1,SLN,home_team,BOS
1967,BOS,5,SLN,home_team,BOS
1967,SLN,5,BOS,home_team,SLN
1967,SLN,6,BOS,home_team,SLN
1967,SLN,1,BOS,home_team,SLN
1967,BOS,8,SLN,home_team,BOS
1967,BOS,2,SLN,home_team,BOS
1968,SLN,4,DET,home_team,SLN
1968,SLN,1,DET,home_team,SLN
1968,DET,3,SLN,home_team,DET
1968,DET,1,SLN,home_team,DET
1968,DET,5,SLN,home_team,DET
1968,SLN,1,DET,home_team,SLN
1968,SLN,1,DET,home_team,SLN
1969,BAL,4,NYN,home_team,BAL
1969,BAL,1,NYN,home_team,BAL
1969,NYN,5,BAL,home_team,NYN
1969,NYN,2,BAL,home_team,NYN
1969,NYN,5,BAL,home_team,NYN
1970,CIN,3,BAL,home_team,CIN
1970,CIN,5,BAL,home_team,CIN
1970,BAL,9,CIN,home_team,BAL
1970,BAL,5,CIN,home_team,BAL
1970,BAL,9,CIN,home_team,BAL
1971,BAL,5,PIT,home_team,BAL
1971,BAL,11,PIT,home_team,BAL
1971,PIT,5,BAL,home_team,PIT
1971,PIT,4,BAL,home_team,PIT
1971,PIT,4,BAL,home_team,PIT
1971,BAL,3,PIT,home_team,BAL
1971,BAL,1,PIT,home_team,BAL
1972,CIN,2,OAK,home_team,CIN
1972,CIN,1,OAK,home_team,CIN
1972,OAK,0,CIN,home_team,OAK
1972,OAK,3,CIN,home_team,OAK
1972,OAK,4,CIN,home_team,OAK
1972,CIN,8,OAK,home_team,CIN
1972,CIN,2,OAK,home_team,CIN
1973,OAK,2,NYN,home_team,OAK
1973,OAK,7,NYN,home_team,OAK
1973,NYN,2,OAK,home_team,NYN
1973,NYN,6,OAK,home_team,NYN
1973,NYN,2,OAK,home_team,NYN
1973,OAK,3,NYN,home_team,OAK
1973,OAK,5,NYN,home_team,OAK
1974,LAN,2,OAK,home_team,LAN
1974,LAN,3,OAK,home_team,LAN
1974,OAK,3,LAN,home_team,OAK
1974,OAK,5,LAN,home_team,OAK
1974,OAK,3,LAN,home_team,OAK
1975,BOS,6,CIN,home_team,BOS
1975,BOS,2,CIN,home_team,BOS
1975,CIN,6,BOS,home_team,CIN
1975,CIN,4,BOS,home_team,CIN
1975,CIN,6,BOS,home_team,CIN
1975,BOS,7,CIN,home_team,BOS
1975,BOS,3,CIN,home_team,BOS
1976,CIN,5,NYA,home_team,CIN
1976,CIN,4,NYA,home_team,CIN
1976,NYA,2,CIN,home_team,NYA
1976,NYA,2,CIN,home_team,NYA
1977,NYA,4,LAN,home_team,NYA
1977,NYA,1,LAN,home_team,NYA
1977,LAN,3,NYA,home_team,LAN
1977,LAN,2,NYA,home_team,LAN
1977,LAN,10,NYA,home_team,LAN
1977,NYA,8,LAN,home_team,NYA
1978,LAN,11,NYA,home_team,LAN
1978,LAN,4,NYA,home_team,LAN
1978,NYA,5,LAN,home_team,NYA
1978,NYA,4,LAN,home_team,NYA
1978,NYA,12,LAN,home_team,NYA
1978,LAN,2,NYA,home_team,LAN
1979,BAL,5,PIT,home_team,BAL
1979,BAL,2,PIT,home_team,BAL
1979,PIT,4,BAL,home_team,PIT
1979,PIT,6,BAL,home_team,PIT
1979,PIT,7,BAL,home_team,PIT
1979,BAL,0,PIT,home_team,BAL
1979,BAL,1,PIT,home_team,BAL
1980,PHI,7,KCA,home_team,PHI
1980,PHI,6,KCA,home_team,PHI
1980,KCA,4,PHI,home_team,KCA
1980,KCA,5,PHI,home_team,KCA
1980,KCA,3,PHI,home_team,KCA
1980,PHI,4,KCA,home_team,PHI
1981,NYA,5,LAN,home_team,NYA
1981,NYA,3,LAN,home_team,NYA
1981,LAN,5,NYA,home_team,LAN
1981,LAN,8,NYA,home_team,LAN
1981,LAN,2,NYA,home_team,LAN
1981,NYA,2,LAN,home_team,NYA
1982,SLN,0,MIL,home_team,SLN
1982,SLN,5,MIL,home_team,SLN
1982,MIL,2,SLN,home_team,MIL
1982,MIL,7,SLN,home_team,MIL
1982,MIL,6,SLN,home_team,MIL
1982,SLN,13,MIL,home_team,SLN
1982,SLN,6,MIL,home_team,SLN
1983,BAL,1,PHI,home_team,BAL
1983,BAL,4,PHI,home_team,BAL
1983,PHI,2,BAL,home_team,PHI
1983,PHI,4,BAL,home_team,PHI
1983,PHI,0,BAL,home_team,PHI
1984,SDN,2,DET,home_team,SDN
1984,SDN,5,DET,home_team,SDN
1984,DET,5,SDN,home_team,DET
1984,DET,4,SDN,home_team,DET
1984,DET,8,SDN,home_team,DET
1985,KCA,1,SLN,home_team,KCA
1985,KCA,2,SLN,home_team,KCA
1985,SLN,1,KCA,home_team,SLN
1985,SLN,3,KCA,home_team,SLN
1985,SLN,1,KCA,home_team,SLN
1985,KCA,2,SLN,home_team,KCA
1985,KCA,11,SLN,home_team,KCA
1986,NYN,0,BOS,home_team,NYN
1986,NYN,3,BOS,home_team,NYN
1986,BOS,1,NYN,home_team,BOS
1986,BOS,2,NYN,home_team,BOS
1986,BOS,4,NYN,home_team,BOS
1986,NYN,6,BOS,home_team,NYN
1986,NYN,8,BOS,home_team,NYN
1987,MIN,10,SLN,home_team,MIN
1987,MIN,8,SLN,home_team,MIN
1987,SLN,3,MIN,home_team,SLN
1987,SLN,7,MIN,home_team,SLN
1987,SLN,4,MIN,home_team,SLN
1987,MIN,11,SLN,home_team,MIN
1987,MIN,4,SLN,home_team,MIN
1988,LAN,5,OAK,home_team,LAN
1988,LAN,6,OAK,home_team,LAN
1988,OAK,2,LAN,home_team,OAK
1988,OAK,3,LAN,home_team,OAK
1988,OAK,2,LAN,home_team,OAK
1989,OAK,5,SFN,home_team,OAK
1989,OAK,5,SFN,home_team,OAK
1989,SFN,7,OAK,home_team,SFN
1989,SFN,6,OAK,home_team,SFN
1990,CIN,7,OAK,home_team,CIN
1990,CIN,5,OAK,home_team,CIN
1990,OAK,3,CIN,home_team,OAK
1990,OAK,1,CIN,home_team,OAK
1991,MIN,5,ATL,home_team,MIN
1991,MIN,3,ATL,home_team,MIN
1991,ATL,5,MIN,home_team,ATL
1991,ATL,3,MIN,home_team,ATL
1991,ATL,14,MIN,home_team,ATL
1991,MIN,4,ATL,home_team,MIN
1991,MIN,1,ATL,home_team,MIN
1992,ATL,3,TOR,home_team,ATL
1992,ATL,4,TOR,home_team,ATL
1992,TOR,3,ATL,home_team,TOR
1992,TOR,2,ATL,home_team,TOR
1992,TOR,2,ATL,home_team,TOR
1992,ATL,3,TOR,home_team,ATL
1993,TOR,8,PHI,home_team,TOR
1993,TOR,4,PHI,home_team,TOR
1993,PHI,3,TOR,home_team,PHI
1993,PHI,14,TOR,home_team,PHI
1993,PHI,2,TOR,home_team,PHI
1993,TOR,8,PHI,home_team,TOR
1995,ATL,3,CLE,home_team,ATL
1995,ATL,4,CLE,home_team,ATL
1995,CLE,7,ATL,home_team,CLE
1995,CLE,2,ATL,home_team,CLE
1995,CLE,5,ATL,home_team,CLE
1995,ATL,1,CLE,home_team,ATL
1996,NYA,1,ATL,home_team,NYA
1996,NYA,0,ATL,home_team,NYA
1996,ATL,2,NYA,home_team,ATL
1996,ATL,6,NYA,home_team,ATL
1996,ATL,0,NYA,home_team,ATL
1996,NYA,3,ATL,home_team,NYA
1997,FLO,7,CLE,home_team,FLO
1997,FLO,1,CLE,home_team,FLO
1997,CLE,11,FLO,home_team,CLE
1997,CLE,10,FLO,home_team,CLE
1997,CLE,7,FLO,home_team,CLE
1997,FLO,1,CLE,home_team,FLO
1997,FLO,3,CLE,home_team,FLO
1998,NYA,9,SDN,home_team,NYA
1998,NYA,9,SDN,home_team,NYA
1998,SDN,4,NYA,home_team,SDN
1998,SDN,0,NYA,home_team,SDN
1999,ATL,1,NYA,home_team,ATL
1999,ATL,2,NYA,home_team,ATL
1999,NYA,6,ATL,home_team,NYA
1999,NYA,4,ATL,home_team,NYA
2000,NYA,4,NYN,home_team,NYA
2000,NYA,6,NYN,home_team,NYA
2000,NYN,4,NYA,home_team,NYN
2000,NYN,2,NYA,home_team,NYN
2000,NYN,2,NYA,home_team,NYN
2001,ARI,9,NYA,home_team,ARI
2001,ARI,4,NYA,home_team,ARI
2001,NYA,2,ARI,home_team,NYA
2001,NYA,4,ARI,home_team,NYA
2001,NYA,3,ARI,home_team,NYA
2001,ARI,15,NYA,home_team,ARI
2001,ARI,3,NYA,home_team,ARI
2002,ANA,3,SFN,home_team,ANA
2002,ANA,11,SFN,home_team,ANA
2002,SFN,4,ANA,home_team,SFN
2002,SFN,4,ANA,home_team,SFN
2002,SFN,16,ANA,home_team,SFN
2002,ANA,6,SFN,home_team,ANA
2002,ANA,4,SFN,home_team,ANA
2003,NYA,2,FLO,home_team,NYA
2003,NYA,6,FLO,home_team,NYA
2003,FLO,1,NYA,home_team,FLO
2003,FLO,4,NYA,home_team,FLO
2003,FLO,6,NYA,home_team,FLO
2003,NYA,0,FLO,home_team,NYA
2004,BOS,11,SLN,home_team,BOS
2004,BOS,6,SLN,home_team,BOS
2004,SLN,1,BOS,home_team,SLN
2004,SLN,0,BOS,home_team,SLN
2005,CHA,5,HOU,home_team,CHA
2005,CHA,7,HOU,home_team,CHA
2005,HOU,5,CHA,home_team,HOU
2005,HOU,0,CHA,home_team,HOU
2006,DET,2,SLN,home_team,DET
2006,DET,3,SLN,home_team,DET
2006,SLN,5,DET,home_team,SLN
2006,SLN,5,DET,home_team,SLN
2006,SLN,4,DET,home_team,SLN
2007,BOS,13,COL,home_team,BOS
2007,BOS,2,COL,home_team,BOS
2007,COL,5,BOS,home_team,COL
2007,COL,3,BOS,home_team,COL
2008,TBA,2,PHI,home_team,TBA
2008,TBA,4,PHI,home_team,TBA
2008,PHI,5,TBA,home_team,PHI
2008,PHI,10,TBA,home_team,PHI
2008,PHI,4,TBA,home_team,PHI
2009,NYA,1,PHI,home_team,NYA
2009,NYA,3,PHI,home_team,NYA
2009,PHI,5,NYA,home_team,PHI
2009,PHI,4,NYA,home_team,PHI
2009,PHI,8,NYA,home_team,PHI
2009,NYA,7,PHI,home_team,NYA
2010,SFN,11,TEX,home_team,SFN
2010,SFN,9,TEX,home_team,SFN
2010,TEX,4,SFN,home_team,TEX
2010,TEX,0,SFN,home_team,TEX
2010,TEX,1,SFN,home_team,TEX
2011,SLN,3,TEX,home_team,SLN
2011,SLN,1,TEX,home_team,SLN
2011,TEX,7,SLN,home_team,TEX
2011,TEX,4,SLN,home_team,TEX
2011,TEX,4,SLN,home_team,TEX
2011,SLN,10,TEX,home_team,SLN
2011,SLN,6,TEX,home_team,SLN
2012,SFN,8,DET,home_team,SFN
2012,SFN,2,DET,home_team,SFN
2012,DET,0,SFN,home_team,DET
2012,DET,3,SFN,home_team,DET
2013,BOS,8,SLN,home_team,BOS
2013,BOS,2,SLN,home_team,BOS
2013,SLN,5,BOS,home_team,SLN
2013,SLN,2,BOS,home_team,SLN
2013,SLN,1,BOS,home_team,SLN
2013,BOS,6,SLN,home_team,BOS
2014,KCA,1,SFN,home_team,KCA
2014,KCA,7,SFN,home_team,KCA
2014,SFN,2,KCA,home_team,SFN
2014,SFN,11,KCA,home_team,SFN
2014,SFN,5,KCA,home_team,SFN
2014,KCA,10,SFN,home_team,KCA
2014,KCA,2,SFN,home_team,KCA
2015,KCA,5,NYN,home_team,KCA
2015,KCA,7,NYN,home_team,KCA
2015,NYN,9,KCA,home_team,NYN
2015,NYN,3,KCA,home_team,NYN
2015,NYN,2,KCA,home_team,NYN
2016,CLE,6,CHN,home_team,CLE
2016,CLE,1,CHN,home_team,CLE
2016,CHN,0,CLE,home_team,CHN
2016,CHN,2,CLE,home_team,CHN
2016,CHN,3,CLE,home_team,CHN
2016,CLE,3,CHN,home_team,CLE
2016,CLE,7,CHN,home_team,CLE
2017,LAN,3,HOU,home_team,LAN
2017,LAN,6,HOU,home_team,LAN
2017,HOU,5,LAN,home_team,HOU
2017,HOU,2,LAN,home_team,HOU
2017,HOU,13,LAN,home_team,HOU
2017,LAN,3,HOU,home_team,LAN
2017,LAN,1,HOU,home_team,LAN
1933,NLS,2,ALS,away_team,ALS
1934,ALS,9,NLS,away_team,NLS
1935,NLS,1,ALS,away_team,ALS
1936,ALS,3,NLS,away_team,NLS
1937,NLS,3,ALS,away_team,ALS
1938,ALS,1,NLS,away_team,NLS
1939,NLS,1,ALS,away_team,ALS
1940,ALS,0,NLS,away_team,NLS
1941,NLS,5,ALS,away_team,ALS
1942,ALS,3,NLS,away_team,NLS
1943,NLS,3,ALS,away_team,ALS
1944,ALS,1,NLS,away_team,NLS
1946,NLS,0,ALS,away_team,ALS
1947,ALS,2,NLS,away_team,NLS
1948,NLS,2,ALS,away_team,ALS
1949,ALS,11,NLS,away_team,NLS
1950,NLS,4,ALS,away_team,ALS
1951,NLS,8,ALS,away_team,ALS
1952,ALS,2,NLS,away_team,NLS
1953,ALS,1,NLS,away_team,NLS
1954,NLS,9,ALS,away_team,ALS
1955,ALS,5,NLS,away_team,NLS
1956,NLS,7,ALS,away_team,ALS
1957,ALS,6,NLS,away_team,NLS
1958,NLS,3,ALS,away_team,ALS
1959,ALS,4,NLS,away_team,NLS
1959,ALS,5,NLS,away_team,NLS
1960,NLS,5,ALS,away_team,ALS
1960,NLS,6,ALS,away_team,ALS
1961,ALS,4,NLS,away_team,NLS
1961,NLS,1,ALS,away_team,ALS
1962,NLS,3,ALS,away_team,ALS
1962,ALS,9,NLS,away_team,NLS
1963,NLS,5,ALS,away_team,ALS
1964,ALS,4,NLS,away_team,NLS
1965,NLS,6,ALS,away_team,ALS
1966,ALS,1,NLS,away_team,NLS
1967,NLS,2,ALS,away_team,ALS
1968,ALS,0,NLS,away_team,NLS
1969,NLS,9,ALS,away_team,ALS
1970,ALS,4,NLS,away_team,NLS
1971,NLS,4,ALS,away_team,ALS
1972,ALS,3,NLS,away_team,NLS
1973,NLS,7,ALS,away_team,ALS
1974,ALS,2,NLS,away_team,NLS
1975,NLS,6,ALS,away_team,ALS
1976,ALS,1,NLS,away_team,NLS
1977,NLS,7,ALS,away_team,ALS
1978,ALS,3,NLS,away_team,NLS
1979,NLS,7,ALS,away_team,ALS
1980,ALS,2,NLS,away_team,NLS
1981,NLS,5,ALS,away_team,ALS
1982,ALS,1,NLS,away_team,NLS
1983,NLS,3,ALS,away_team,ALS
1984,ALS,1,NLS,away_team,NLS
1985,NLS,6,ALS,away_team,ALS
1986,ALS,3,NLS,away_team,NLS
1987,NLS,2,ALS,away_team,ALS
1988,ALS,2,NLS,away_team,NLS
1989,NLS,3,ALS,away_team,ALS
1990,ALS,2,NLS,away_team,NLS
1991,NLS,2,ALS,away_team,ALS
1992,ALS,13,NLS,away_team,NLS
1993,NLS,3,ALS,away_team,ALS
1994,ALS,7,NLS,away_team,NLS
1995,NLS,3,ALS,away_team,ALS
1996,ALS,0,NLS,away_team,NLS
1997,NLS,1,ALS,away_team,ALS
1998,ALS,13,NLS,away_team,NLS
1999,NLS,1,ALS,away_team,ALS
2000,ALS,6,NLS,away_team,NLS
2001,NLS,1,ALS,away_team,ALS
2002,ALS,7,NLS,away_team,NLS
2003,NLS,6,ALS,away_team,ALS
2004,ALS,9,NLS,away_team,NLS
2005,NLS,5,ALS,away_team,ALS
2006,ALS,3,NLS,away_team,NLS
2007,ALS,5,NLS,away_team,NLS
2008,NLS,3,ALS,away_team,ALS
2009,ALS,4,NLS,away_team,NLS
2010,NLS,3,ALS,away_team,ALS
2011,ALS,1,NLS,away_team,NLS
2012,NLS,8,ALS,away_team,ALS
2013,ALS,3,NLS,away_team,NLS
2014,NLS,3,ALS,away_team,ALS
2015,ALS,6,NLS,away_team,NLS
2016,NLS,2,ALS,away_team,ALS
2017,ALS,2,NLS,away_team,NLS
1981,LAN,1,HOU,away_team,HOU
1981,OAK,4,KCA,away_team,KCA
1981,PHI,1,MON,away_team,MON
1981,LAN,0,HOU,away_team,HOU
1981,NYA,5,MIL,away_team,MIL
1981,OAK,2,KCA,away_team,KCA
1981,PHI,1,MON,away_team,MON
1981,NYA,3,MIL,away_team,MIL
1981,MON,2,PHI,away_team,PHI
1981,HOU,1,LAN,away_team,LAN
1981,MIL,5,NYA,away_team,NYA
1981,KCA,1,OAK,away_team,OAK
1981,MON,5,PHI,away_team,PHI
1981,HOU,1,LAN,away_team,LAN
1981,MIL,2,NYA,away_team,NYA
1981,MON,3,PHI,away_team,PHI
1981,HOU,0,LAN,away_team,LAN
1981,MIL,3,NYA,away_team,NYA
1995,ATL,5,COL,away_team,COL
1995,CIN,7,LAN,away_team,LAN
1995,BOS,4,CLE,away_team,CLE
1995,SEA,6,NYA,away_team,NYA
1995,ATL,7,COL,away_team,COL
1995,CIN,5,LAN,away_team,LAN
1995,BOS,0,CLE,away_team,CLE
1995,SEA,5,NYA,away_team,NYA
1995,COL,7,ATL,away_team,ATL
1995,LAN,1,CIN,away_team,CIN
1995,CLE,8,BOS,away_team,BOS
1995,NYA,4,SEA,away_team,SEA
1995,COL,4,ATL,away_team,ATL
1995,NYA,8,SEA,away_team,SEA
1995,NYA,5,SEA,away_team,SEA
1996,SDN,1,SLN,away_team,SLN
1996,TEX,6,NYA,away_team,NYA
1996,CLE,4,BAL,away_team,BAL
1996,ATL,2,LAN,away_team,LAN
1996,TEX,4,NYA,away_team,NYA
1996,CLE,4,BAL,away_team,BAL
1996,SDN,4,SLN,away_team,SLN
1996,ATL,3,LAN,away_team,LAN
1996,NYA,3,TEX,away_team,TEX
1996,BAL,4,CLE,away_team,CLE
1996,SLN,7,SDN,away_team,SDN
1996,LAN,2,ATL,away_team,ATL
1996,NYA,6,TEX,away_team,TEX
1996,BAL,4,CLE,away_team,CLE
1997,SFN,1,FLO,away_team,FLO
1997,HOU,1,ATL,away_team,ATL
1997,CLE,6,NYA,away_team,NYA
1997,SFN,6,FLO,away_team,FLO
1997,HOU,3,ATL,away_team,ATL
1997,BAL,9,SEA,away_team,SEA
1997,CLE,7,NYA,away_team,NYA
1997,BAL,9,SEA,away_team,SEA
1997,FLO,6,SFN,away_team,SFN
1997,ATL,4,HOU,away_team,HOU
1997,NYA,6,CLE,away_team,CLE
1997,SEA,4,BAL,away_team,BAL
1997,NYA,2,CLE,away_team,CLE
1997,SEA,1,BAL,away_team,BAL
1997,NYA,3,CLE,away_team,CLE
1998,BOS,11,CLE,away_team,CLE
1998,TEX,0,NYA,away_team,NYA
1998,SDN,2,HOU,away_team,HOU
1998,BOS,5,CLE,away_team,CLE
1998,TEX,1,NYA,away_team,NYA
1998,CHN,1,ATL,away_team,ATL
1998,SDN,4,HOU,away_team,HOU
1998,CHN,1,ATL,away_team,ATL
1998,CLE,4,BOS,away_team,BOS
1998,NYA,4,TEX,away_team,TEX
1998,CLE,2,BOS,away_team,BOS
1998,HOU,1,SDN,away_team,SDN
1998,ATL,6,CHN,away_team,CHN
1998,HOU,1,SDN,away_team,SDN
1999,TEX,0,NYA,away_team,NYA
1999,NYN,8,ARI,away_team,ARI
1999,HOU,6,ATL,away_team,ATL
1999,BOS,2,CLE,away_team,CLE
1999,NYN,1,ARI,away_team,ARI
1999,HOU,1,ATL,away_team,ATL
1999,BOS,1,CLE,away_team,CLE
1999,TEX,1,NYA,away_team,NYA
1999,ARI,2,NYN,away_team,NYN
1999,ATL,5,HOU,away_team,HOU
1999,CLE,3,BOS,away_team,BOS
1999,NYA,3,TEX,away_team,TEX
1999,ARI,3,NYN,away_team,NYN
1999,ATL,7,HOU,away_team,HOU
1999,CLE,7,BOS,away_team,BOS
1999,BOS,12,CLE,away_team,CLE
2000,ATL,5,SLN,away_team,SLN
2000,NYA,3,OAK,away_team,OAK
2000,SEA,7,CHA,away_team,CHA
2000,NYN,1,SFN,away_team,SFN
2000,NYA,4,OAK,away_team,OAK
2000,SEA,5,CHA,away_team,CHA
2000,ATL,4,SLN,away_team,SLN
2000,NYN,5,SFN,away_team,SFN
2000,OAK,2,NYA,away_team,NYA
2000,CHA,1,SEA,away_team,SEA
2000,SLN,7,ATL,away_team,ATL
2000,SFN,2,NYN,away_team,NYN
2000,OAK,11,NYA,away_team,NYA
2000,SFN,0,NYN,away_team,NYN
2000,NYA,7,OAK,away_team,OAK
2001,CLE,5,SEA,away_team,SEA
2001,ATL,7,HOU,away_team,HOU
2001,SLN,0,ARI,away_team,ARI
2001,OAK,5,NYA,away_team,NYA
2001,ATL,1,HOU,away_team,HOU
2001,SLN,4,ARI,away_team,ARI
2001,CLE,1,SEA,away_team,SEA
2001,OAK,2,NYA,away_team,NYA
2001,HOU,2,ATL,away_team,ATL
2001,ARI,5,SLN,away_team,SLN
2001,SEA,2,CLE,away_team,CLE
2001,NYA,1,OAK,away_team,OAK
2001,ARI,1,SLN,away_team,SLN
2001,SEA,6,CLE,away_team,CLE
2001,NYA,9,OAK,away_team,OAK
2001,SLN,1,ARI,away_team,ARI
2001,CLE,1,SEA,away_team,SEA
2001,OAK,3,NYA,away_team,NYA
2002,MIN,7,OAK,away_team,OAK
2002,ANA,5,NYA,away_team,NYA
2002,SLN,12,ARI,away_team,ARI
2002,MIN,1,OAK,away_team,OAK
2002,ANA,8,NYA,away_team,NYA
2002,SFN,8,ATL,away_team,ATL
2002,SLN,2,ARI,away_team,ARI
2002,SFN,3,ATL,away_team,ATL
2002,OAK,6,MIN,away_team,MIN
2002,NYA,6,ANA,away_team,ANA
2002,OAK,2,MIN,away_team,MIN
2002,NYA,5,ANA,away_team,ANA
2002,ARI,3,SLN,away_team,SLN
2002,ATL,10,SFN,away_team,SFN
2002,MIN,5,OAK,away_team,OAK
2002,ATL,3,SFN,away_team,SFN
2002,SFN,3,ATL,away_team,ATL
2003,MIN,3,NYA,away_team,NYA
2003,CHN,4,ATL,away_team,ATL
2003,FLO,0,SFN,away_team,SFN
2003,BOS,4,OAK,away_team,OAK
2003,CHN,3,ATL,away_team,ATL
2003,FLO,9,SFN,away_team,SFN
2003,MIN,1,NYA,away_team,NYA
2003,BOS,1,OAK,away_team,OAK
2003,ATL,1,CHN,away_team,CHN
2003,SFN,3,FLO,away_team,FLO
2003,NYA,3,MIN,away_team,MIN
2003,OAK,1,BOS,away_team,BOS
2003,ATL,6,CHN,away_team,CHN
2003,SFN,6,FLO,away_team,FLO
2003,NYA,8,MIN,away_team,MIN
2003,OAK,4,BOS,away_team,BOS
2003,CHN,5,ATL,away_team,ATL
2003,BOS,4,OAK,away_team,OAK
2004,LAN,3,SLN,away_team,SLN
2004,BOS,9,ANA,away_team,ANA
2004,MIN,2,NYA,away_team,NYA
2004,HOU,9,ATL,away_team,ATL
2004,BOS,8,ANA,away_team,ANA
2004,MIN,6,NYA,away_team,NYA
2004,LAN,3,SLN,away_team,SLN
2004,HOU,2,ATL,away_team,ATL
2004,ANA,6,BOS,away_team,BOS
2004,NYA,8,MIN,away_team,MIN
2004,SLN,0,LAN,away_team,LAN
2004,ATL,5,HOU,away_team,HOU
2004,NYA,6,MIN,away_team,MIN
2004,SLN,6,LAN,away_team,LAN
2004,ATL,6,HOU,away_team,HOU
2004,HOU,12,ATL,away_team,ATL
2005,BOS,2,CHA,away_team,CHA
2005,NYA,4,ANA,away_team,ANA
2005,SDN,5,SLN,away_team,SLN
2005,BOS,4,CHA,away_team,CHA
2005,NYA,3,ANA,away_team,ANA
2005,HOU,10,ATL,away_team,ATL
2005,SDN,2,SLN,away_team,SLN
2005,HOU,1,ATL,away_team,ATL
2005,CHA,5,BOS,away_team,BOS
2005,ANA,11,NYA,away_team,NYA
2005,SLN,7,SDN,away_team,SDN
2005,ATL,3,HOU,away_team,HOU
2005,ANA,2,NYA,away_team,NYA
2005,ATL,6,HOU,away_team,HOU
2005,NYA,3,ANA,away_team,ANA
2006,OAK,3,MIN,away_team,MIN
2006,DET,4,NYA,away_team,NYA
2006,SLN,5,SDN,away_team,SDN
2006,OAK,5,MIN,away_team,MIN
2006,LAN,5,NYN,away_team,NYN
2006,DET,4,NYA,away_team,NYA
2006,SLN,2,SDN,away_team,SDN
2006,LAN,1,NYN,away_team,NYN
2006,MIN,3,OAK,away_team,OAK
2006,NYA,0,DET,away_team,DET
2006,NYA,3,DET,away_team,DET
2006,SDN,3,SLN,away_team,SLN
2006,NYN,9,LAN,away_team,LAN
2006,SDN,2,SLN,away_team,SLN
2007,CHN,1,ARI,away_team,ARI
2007,COL,4,PHI,away_team,PHI
2007,ANA,0,BOS,away_team,BOS
2007,CHN,4,ARI,away_team,ARI
2007,COL,10,PHI,away_team,PHI
2007,NYA,3,CLE,away_team,CLE
2007,ANA,3,BOS,away_team,BOS
2007,NYA,1,CLE,away_team,CLE
2007,ARI,5,CHN,away_team,CHN
2007,PHI,1,COL,away_team,COL
2007,BOS,9,ANA,away_team,ANA
2007,CLE,4,NYA,away_team,NYA
2007,CLE,6,NYA,away_team,NYA
2008,LAN,7,CHN,away_team,CHN
2008,MIL,1,PHI,away_team,PHI
2008,BOS,4,ANA,away_team,ANA
2008,LAN,10,CHN,away_team,CHN
2008,MIL,2,PHI,away_team,PHI
2008,CHA,4,TBA,away_team,TBA
2008,BOS,7,ANA,away_team,ANA
2008,CHA,2,TBA,away_team,TBA
2008,CHN,1,LAN,away_team,LAN
2008,PHI,1,MIL,away_team,MIL
2008,PHI,6,MIL,away_team,MIL
2008,ANA,5,BOS,away_team,BOS
2008,TBA,3,CHA,away_team,CHA
2008,ANA,2,BOS,away_team,BOS
2008,TBA,6,CHA,away_team,CHA
2009,COL,1,PHI,away_team,PHI
2009,SLN,3,LAN,away_team,LAN
2009,MIN,2,NYA,away_team,NYA
2009,COL,5,PHI,away_team,PHI
2009,SLN,2,LAN,away_team,LAN
2009,BOS,0,ANA,away_team,ANA
2009,MIN,3,NYA,away_team,NYA
2009,BOS,1,ANA,away_team,ANA
2009,LAN,5,SLN,away_team,SLN
2009,PHI,6,COL,away_team,COL
2009,NYA,4,MIN,away_team,MIN
2009,ANA,7,BOS,away_team,BOS
2009,PHI,5,COL,away_team,COL
2010,NYA,6,MIN,away_team,MIN
2010,TEX,5,TBA,away_team,TBA
2010,CIN,0,PHI,away_team,PHI
2010,NYA,5,MIN,away_team,MIN
2010,TEX,6,TBA,away_team,TBA
2010,ATL,0,SFN,away_team,SFN
2010,CIN,4,PHI,away_team,PHI
2010,ATL,5,SFN,away_team,SFN
2010,MIN,1,NYA,away_team,NYA
2010,TBA,6,TEX,away_team,TEX
2010,TBA,5,TEX,away_team,TEX
2010,PHI,2,CIN,away_team,CIN
2010,SFN,3,ATL,away_team,ATL
2010,SFN,3,ATL,away_team,ATL
2010,TEX,5,TBA,away_team,TBA
2011,TBA,9,TEX,away_team,TEX
2011,DET,3,NYA,away_team,NYA
2011,ARI,1,MIL,away_team,MIL
2011,SLN,6,PHI,away_team,PHI
2011,TBA,6,TEX,away_team,TEX
2011,ARI,4,MIL,away_team,MIL
2011,SLN,5,PHI,away_team,PHI
2011,DET,5,NYA,away_team,NYA
2011,TEX,4,TBA,away_team,TBA
2011,NYA,4,DET,away_team,DET
2011,MIL,1,ARI,away_team,ARI
2011,PHI,3,SLN,away_team,SLN
2011,TEX,4,TBA,away_team,TBA
2011,NYA,10,DET,away_team,DET
2011,MIL,6,ARI,away_team,ARI
2011,PHI,3,SLN,away_team,SLN
2011,DET,3,NYA,away_team,NYA
2011,ARI,2,MIL,away_team,MIL
2011,SLN,1,PHI,away_team,PHI
2012,OAK,1,DET,away_team,DET
2012,CIN,5,SFN,away_team,SFN
2012,OAK,4,DET,away_team,DET
2012,NYA,7,BAL,away_team,BAL
2012,CIN,9,SFN,away_team,SFN
2012,WAS,3,SLN,away_team,SLN
2012,NYA,2,BAL,away_team,BAL
2012,WAS,4,SLN,away_team,SLN
2012,DET,0,OAK,away_team,OAK
2012,SFN,2,CIN,away_team,CIN
2012,DET,3,OAK,away_team,OAK
2012,BAL,2,NYA,away_team,NYA
2012,SFN,8,CIN,away_team,CIN
2012,SLN,8,WAS,away_team,WAS
2012,DET,6,OAK,away_team,OAK
2012,BAL,2,NYA,away_team,NYA
2012,SFN,6,CIN,away_team,CIN
2012,SLN,1,WAS,away_team,WAS
2012,BAL,1,NYA,away_team,NYA
2012,SLN,9,WAS,away_team,WAS
2013,PIT,1,SLN,away_team,SLN
2013,LAN,6,ATL,away_team,ATL
2013,TBA,2,BOS,away_team,BOS
2013,DET,3,OAK,away_team,OAK
2013,PIT,7,SLN,away_team,SLN
2013,LAN,3,ATL,away_team,ATL
2013,TBA,4,BOS,away_team,BOS
2013,DET,0,OAK,away_team,OAK
2013,SLN,3,PIT,away_team,PIT
2013,ATL,6,LAN,away_team,LAN
2013,BOS,4,TBA,away_team,TBA
2013,OAK,6,DET,away_team,DET
2013,SLN,2,PIT,away_team,PIT
2013,ATL,3,LAN,away_team,LAN
2013,BOS,3,TBA,away_team,TBA
2013,OAK,6,DET,away_team,DET
2013,PIT,1,SLN,away_team,SLN
2013,DET,3,OAK,away_team,OAK
2014,DET,3,BAL,away_team,BAL
2014,KCA,3,ANA,away_team,ANA
2014,DET,6,BAL,away_team,BAL
2014,KCA,4,ANA,away_team,ANA
2014,SFN,3,WAS,away_team,WAS
2014,SLN,10,LAN,away_team,LAN
2014,SFN,2,WAS,away_team,WAS
2014,SLN,2,LAN,away_team,LAN
2014,BAL,2,DET,away_team,DET
2014,ANA,3,KCA,away_team,KCA
2014,WAS,4,SFN,away_team,SFN
2014,LAN,1,SLN,away_team,SLN
2014,WAS,2,SFN,away_team,SFN
2014,LAN,2,SLN,away_team,SLN
2015,HOU,5,KCA,away_team,KCA
2015,TEX,5,TOR,away_team,TOR
2015,HOU,4,KCA,away_team,KCA
2015,TEX,6,TOR,away_team,TOR
2015,NYN,3,LAN,away_team,LAN
2015,CHN,0,SLN,away_team,SLN
2015,NYN,2,LAN,away_team,LAN
2015,CHN,6,SLN,away_team,SLN
2015,KCA,2,HOU,away_team,HOU
2015,TOR,5,TEX,away_team,TEX
2015,KCA,9,HOU,away_team,HOU
2015,TOR,8,TEX,away_team,TEX
2015,LAN,7,NYN,away_team,NYN
2015,SLN,6,CHN,away_team,CHN
2015,LAN,3,NYN,away_team,NYN
2015,SLN,4,CHN,away_team,CHN
2015,HOU,2,KCA,away_team,KCA
2015,TEX,3,TOR,away_team,TOR
2015,NYN,3,LAN,away_team,LAN
2016,TOR,10,TEX,away_team,TEX
2016,BOS,4,CLE,away_team,CLE
2016,TOR,5,TEX,away_team,TEX
2016,BOS,0,CLE,away_team,CLE
2016,SFN,0,CHN,away_team,CHN
2016,LAN,4,WAS,away_team,WAS
2016,SFN,2,CHN,away_team,CHN
2016,TEX,6,TOR,away_team,TOR
2016,LAN,2,WAS,away_team,WAS
2016,CLE,4,BOS,away_team,BOS
2016,CHN,5,SFN,away_team,SFN
2016,WAS,8,LAN,away_team,LAN
2016,CHN,6,SFN,away_team,SFN
2016,WAS,5,LAN,away_team,LAN
2016,LAN,4,WAS,away_team,WAS
2017,BOS,2,HOU,away_team,HOU
2017,NYA,0,CLE,away_team,CLE
2017,ARI,5,LAN,away_team,LAN
2017,CHN,3,WAS,away_team,WAS
2017,BOS,2,HOU,away_team,HOU
2017,NYA,8,CLE,away_team,CLE
2017,ARI,5,LAN,away_team,LAN
2017,CHN,3,WAS,away_team,WAS
2017,HOU,3,BOS,away_team,BOS
2017,CLE,0,NYA,away_team,NYA
2017,LAN,3,ARI,away_team,ARI
2017,WAS,1,CHN,away_team,CHN
2017,HOU,5,BOS,away_team,BOS
2017,CLE,3,NYA,away_team,NYA
2017,WAS,5,CHN,away_team,CHN
2017,NYA,5,CLE,away_team,CLE
2017,CHN,9,WAS,away_team,WAS
1969,NYN,9,ATL,away_team,ATL
1969,MIN,3,BAL,away_team,BAL
1969,NYN,11,ATL,away_team,ATL
1969,MIN,0,BAL,away_team,BAL
1969,ATL,4,NYN,away_team,NYN
1969,BAL,11,MIN,away_team,MIN
1970,CIN,3,PIT,away_team,PIT
1970,BAL,10,MIN,away_team,MIN
1970,CIN,3,PIT,away_team,PIT
1970,BAL,11,MIN,away_team,MIN
1970,PIT,2,CIN,away_team,CIN
1970,MIN,1,BAL,away_team,BAL
1971,PIT,4,SFN,away_team,SFN
1971,PIT,9,SFN,away_team,SFN
1971,OAK,3,BAL,away_team,BAL
1971,OAK,1,BAL,away_team,BAL
1971,SFN,1,PIT,away_team,PIT
1971,BAL,5,OAK,away_team,OAK
1971,SFN,5,PIT,away_team,PIT
1972,CIN,1,PIT,away_team,PIT
1972,DET,2,OAK,away_team,OAK
1972,CIN,5,PIT,away_team,PIT
1972,DET,0,OAK,away_team,OAK
1972,PIT,3,CIN,away_team,CIN
1972,PIT,1,CIN,away_team,CIN
1972,OAK,0,DET,away_team,DET
1972,PIT,3,CIN,away_team,CIN
1972,OAK,3,DET,away_team,DET
1972,OAK,2,DET,away_team,DET
1973,NYN,1,CIN,away_team,CIN
1973,OAK,0,BAL,away_team,BAL
1973,NYN,5,CIN,away_team,CIN
1973,OAK,6,BAL,away_team,BAL
1973,CIN,2,NYN,away_team,NYN
1973,CIN,2,NYN,away_team,NYN
1973,BAL,1,OAK,away_team,OAK
1973,CIN,2,NYN,away_team,NYN
1973,BAL,5,OAK,away_team,OAK
1973,BAL,0,OAK,away_team,OAK
1974,LAN,3,PIT,away_team,PIT
1974,BAL,6,OAK,away_team,OAK
1974,LAN,5,PIT,away_team,PIT
1974,BAL,0,OAK,away_team,OAK
1974,PIT,7,LAN,away_team,LAN
1974,OAK,1,BAL,away_team,BAL
1974,PIT,1,LAN,away_team,LAN
1974,OAK,2,BAL,away_team,BAL
1975,PIT,3,CIN,away_team,CIN
1975,OAK,1,BOS,away_team,BOS
1975,PIT,1,CIN,away_team,CIN
1975,OAK,3,BOS,away_team,BOS
1975,CIN,5,PIT,away_team,PIT
1975,BOS,5,OAK,away_team,OAK
1976,CIN,6,PHI,away_team,PHI
1976,NYA,4,KCA,away_team,KCA
1976,CIN,6,PHI,away_team,PHI
1976,NYA,3,KCA,away_team,KCA
1976,PHI,6,CIN,away_team,CIN
1976,KCA,3,NYA,away_team,NYA
1976,KCA,7,NYA,away_team,NYA
1976,KCA,6,NYA,away_team,NYA
1977,PHI,7,LAN,away_team,LAN
1977,PHI,1,LAN,away_team,LAN
1977,KCA,7,NYA,away_team,NYA
1977,KCA,2,NYA,away_team,NYA
1977,LAN,6,PHI,away_team,PHI
1977,NYA,2,KCA,away_team,KCA
1977,LAN,4,PHI,away_team,PHI
1977,NYA,6,KCA,away_team,KCA
1977,NYA,5,KCA,away_team,KCA
1978,NYA,7,KCA,away_team,KCA
1978,LAN,9,PHI,away_team,PHI
1978,NYA,4,KCA,away_team,KCA
1978,LAN,4,PHI,away_team,PHI
1978,PHI,9,LAN,away_team,LAN
1978,KCA,5,NYA,away_team,NYA
1978,PHI,3,LAN,away_team,LAN
1978,KCA,1,NYA,away_team,NYA
1979,PIT,5,CIN,away_team,CIN
1979,PIT,3,CIN,away_team,CIN
1979,CAL,3,BAL,away_team,BAL
1979,CAL,8,BAL,away_team,BAL
1979,CIN,1,PIT,away_team,PIT
1979,BAL,3,CAL,away_team,CAL
1979,BAL,8,CAL,away_team,CAL
1980,HOU,1,PHI,away_team,PHI
1980,HOU,7,PHI,away_team,PHI
1980,NYA,2,KCA,away_team,KCA
1980,NYA,2,KCA,away_team,KCA
1980,PHI,0,HOU,away_team,HOU
1980,KCA,4,NYA,away_team,NYA
1980,PHI,5,HOU,away_team,HOU
1980,PHI,8,HOU,away_team,HOU
1981,MON,1,LAN,away_team,LAN
1981,OAK,1,NYA,away_team,NYA
1981,MON,3,LAN,away_team,LAN
1981,OAK,3,NYA,away_team,NYA
1981,NYA,4,OAK,away_team,OAK
1981,LAN,1,MON,away_team,MON
1981,LAN,7,MON,away_team,MON
1981,LAN,2,MON,away_team,MON
1982,MIL,3,CAL,away_team,CAL
1982,MIL,2,CAL,away_team,CAL
1982,ATL,0,SLN,away_team,SLN
1982,CAL,3,MIL,away_team,MIL
1982,ATL,3,SLN,away_team,SLN
1982,CAL,5,MIL,away_team,MIL
1982,SLN,6,ATL,away_team,ATL
1982,CAL,3,MIL,away_team,MIL
1983,PHI,1,LAN,away_team,LAN
1983,PHI,1,LAN,away_team,LAN
1983,CHA,2,BAL,away_team,BAL
1983,CHA,0,BAL,away_team,BAL
1983,LAN,2,PHI,away_team,PHI
1983,BAL,11,CHA,away_team,CHA
1983,LAN,2,PHI,away_team,PHI
1983,BAL,3,CHA,away_team,CHA
1984,SDN,0,CHN,away_team,CHN
1984,DET,8,KCA,away_team,KCA
1984,SDN,2,CHN,away_team,CHN
1984,DET,5,KCA,away_team,KCA
1984,CHN,1,SDN,away_team,SDN
1984,KCA,0,DET,away_team,DET
1984,CHN,5,SDN,away_team,SDN
1984,CHN,3,SDN,away_team,SDN
1985,KCA,1,TOR,away_team,TOR
1985,SLN,1,LAN,away_team,LAN
1985,KCA,5,TOR,away_team,TOR
1985,SLN,2,LAN,away_team,LAN
1985,TOR,5,KCA,away_team,KCA
1985,LAN,2,SLN,away_team,SLN
1985,TOR,3,KCA,away_team,KCA
1985,LAN,2,SLN,away_team,SLN
1985,TOR,0,KCA,away_team,KCA
1985,LAN,2,SLN,away_team,SLN
1985,KCA,5,TOR,away_team,TOR
1985,SLN,7,LAN,away_team,LAN
1985,KCA,6,TOR,away_team,TOR
1986,CAL,8,BOS,away_team,BOS
1986,NYN,0,HOU,away_team,HOU
1986,CAL,2,BOS,away_team,BOS
1986,NYN,5,HOU,away_team,HOU
1986,BOS,3,CAL,away_team,CAL
1986,HOU,5,NYN,away_team,NYN
1986,BOS,3,CAL,away_team,CAL
1986,HOU,3,NYN,away_team,NYN
1986,BOS,7,CAL,away_team,CAL
1986,HOU,1,NYN,away_team,NYN
1986,CAL,4,BOS,away_team,BOS
1986,NYN,7,HOU,away_team,HOU
1986,CAL,1,BOS,away_team,BOS
1987,SFN,3,SLN,away_team,SLN
1987,SFN,5,SLN,away_team,SLN
1987,DET,5,MIN,away_team,MIN
1987,DET,3,MIN,away_team,MIN
1987,SLN,6,SFN,away_team,SFN
1987,SLN,2,SFN,away_team,SFN
1987,MIN,6,DET,away_team,DET
1987,SLN,3,SFN,away_team,SFN
1987,MIN,5,DET,away_team,DET
1987,MIN,9,DET,away_team,DET
1987,SFN,0,SLN,away_team,SLN
1987,SFN,0,SLN,away_team,SLN
1988,NYN,3,LAN,away_team,LAN
1988,NYN,3,LAN,away_team,LAN
1988,OAK,2,BOS,away_team,BOS
1988,OAK,4,BOS,away_team,BOS
1988,LAN,4,NYN,away_team,NYN
1988,BOS,6,OAK,away_team,OAK
1988,LAN,5,NYN,away_team,NYN
1988,BOS,1,OAK,away_team,OAK
1988,LAN,7,NYN,away_team,NYN
1988,NYN,5,LAN,away_team,LAN
1988,NYN,0,LAN,away_team,LAN
1989,TOR,3,OAK,away_team,OAK
1989,SFN,11,CHN,away_team,CHN
1989,TOR,3,OAK,away_team,OAK
1989,SFN,5,CHN,away_team,CHN
1989,OAK,3,TOR,away_team,TOR
1989,CHN,4,SFN,away_team,SFN
1989,OAK,6,TOR,away_team,TOR
1989,CHN,4,SFN,away_team,SFN
1989,OAK,4,TOR,away_team,TOR
1989,CHN,2,SFN,away_team,SFN
1990,PIT,4,CIN,away_team,CIN
1990,PIT,1,CIN,away_team,CIN
1990,OAK,9,BOS,away_team,BOS
1990,OAK,4,BOS,away_team,BOS
1990,CIN,6,PIT,away_team,PIT
1990,CIN,5,PIT,away_team,PIT
1990,BOS,1,OAK,away_team,OAK
1990,CIN,2,PIT,away_team,PIT
1990,BOS,1,OAK,away_team,OAK
1990,PIT,1,CIN,away_team,CIN
1991,TOR,4,MIN,away_team,MIN
1991,ATL,1,PIT,away_team,PIT
1991,TOR,5,MIN,away_team,MIN
1991,ATL,1,PIT,away_team,PIT
1991,MIN,3,TOR,away_team,TOR
1991,PIT,3,ATL,away_team,ATL
1991,MIN,9,TOR,away_team,TOR
1991,PIT,3,ATL,away_team,ATL
1991,MIN,8,TOR,away_team,TOR
1991,PIT,1,ATL,away_team,ATL
1991,ATL,1,PIT,away_team,PIT
1991,ATL,4,PIT,away_team,PIT
1992,PIT,1,ATL,away_team,ATL
1992,PIT,5,ATL,away_team,ATL
1992,OAK,4,TOR,away_team,TOR
1992,OAK,1,TOR,away_team,TOR
1992,ATL,2,PIT,away_team,PIT
1992,ATL,6,PIT,away_team,PIT
1992,TOR,7,OAK,away_team,OAK
1992,ATL,1,PIT,away_team,PIT
1992,TOR,7,OAK,away_team,OAK
1992,TOR,2,OAK,away_team,OAK
1992,PIT,13,ATL,away_team,ATL
1992,PIT,2,ATL,away_team,ATL
1992,OAK,2,TOR,away_team,TOR
1993,TOR,7,CHA,away_team,CHA
1993,ATL,3,PHI,away_team,PHI
1993,TOR,3,CHA,away_team,CHA
1993,ATL,14,PHI,away_team,PHI
1993,CHA,6,TOR,away_team,TOR
1993,PHI,4,ATL,away_team,ATL
1993,CHA,7,TOR,away_team,TOR
1993,PHI,2,ATL,away_team,ATL
1993,CHA,3,TOR,away_team,TOR
1993,PHI,4,ATL,away_team,ATL
1993,TOR,6,CHA,away_team,CHA
1993,ATL,3,PHI,away_team,PHI
1995,ATL,2,CIN,away_team,CIN
1995,CLE,2,SEA,away_team,SEA
1995,ATL,6,CIN,away_team,CIN
1995,CLE,5,SEA,away_team,SEA
1995,CIN,2,ATL,away_team,ATL
1995,SEA,5,CLE,away_team,CLE
1995,CIN,0,ATL,away_team,ATL
1995,SEA,0,CLE,away_team,CLE
1995,SEA,2,CLE,away_team,CLE
1995,CLE,4,SEA,away_team,SEA
1996,SLN,2,ATL,away_team,ATL
1996,BAL,4,NYA,away_team,NYA
1996,SLN,8,ATL,away_team,ATL
1996,BAL,5,NYA,away_team,NYA
1996,NYA,5,BAL,away_team,BAL
1996,ATL,2,SLN,away_team,SLN
1996,NYA,8,BAL,away_team,BAL
1996,ATL,3,SLN,away_team,SLN
1996,NYA,6,BAL,away_team,BAL
1996,ATL,14,SLN,away_team,SLN
1996,SLN,1,ATL,away_team,ATL
1996,SLN,0,ATL,away_team,ATL
1997,FLO,5,ATL,away_team,ATL
1997,FLO,1,ATL,away_team,ATL
1997,CLE,0,BAL,away_team,BAL
1997,CLE,5,BAL,away_team,BAL
1997,ATL,2,FLO,away_team,FLO
1997,ATL,4,FLO,away_team,FLO
1997,BAL,1,CLE,away_team,CLE
1997,ATL,1,FLO,away_team,FLO
1997,BAL,7,CLE,away_team,CLE
1997,BAL,4,CLE,away_team,CLE
1997,FLO,7,ATL,away_team,ATL
1997,CLE,1,BAL,away_team,BAL
1998,CLE,2,NYA,away_team,NYA
1998,CLE,4,NYA,away_team,NYA
1998,SDN,3,ATL,away_team,ATL
1998,SDN,3,ATL,away_team,ATL
1998,NYA,1,CLE,away_team,CLE
1998,NYA,4,CLE,away_team,CLE
1998,ATL,1,SDN,away_team,SDN
1998,NYA,5,CLE,away_team,CLE
1998,ATL,8,SDN,away_team,SDN
1998,ATL,7,SDN,away_team,SDN
1998,CLE,5,NYA,away_team,NYA
1998,SDN,5,ATL,away_team,ATL
1999,NYN,2,ATL,away_team,ATL
1999,BOS,3,NYA,away_team,NYA
1999,NYN,3,ATL,away_team,ATL
1999,BOS,2,NYA,away_team,NYA
1999,ATL,1,NYN,away_team,NYN
1999,NYA,1,BOS,away_team,BOS
1999,ATL,2,NYN,away_team,NYN
1999,NYA,9,BOS,away_team,BOS
1999,ATL,3,NYN,away_team,NYN
1999,NYA,6,BOS,away_team,BOS
1999,NYN,9,ATL,away_team,ATL
2000,SEA,2,NYA,away_team,NYA
2000,NYN,6,SLN,away_team,SLN
2000,SEA,1,NYA,away_team,NYA
2000,NYN,6,SLN,away_team,SLN
2000,NYA,8,SEA,away_team,SEA
2000,SLN,8,NYN,away_team,NYN
2000,NYA,5,SEA,away_team,SEA
2000,SLN,6,NYN,away_team,NYN
2000,NYA,2,SEA,away_team,SEA
2000,SLN,0,NYN,away_team,NYN
2000,SEA,7,NYA,away_team,NYA
2001,ATL,0,ARI,away_team,ARI
2001,NYA,4,SEA,away_team,SEA
2001,ATL,8,ARI,away_team,ARI
2001,NYA,3,SEA,away_team,SEA
2001,ARI,5,ATL,away_team,ATL
2001,SEA,14,NYA,away_team,NYA
2001,ARI,11,ATL,away_team,ATL
2001,SEA,1,NYA,away_team,NYA
2001,ARI,3,ATL,away_team,ATL
2001,SEA,3,NYA,away_team,NYA
2002,ANA,1,MIN,away_team,MIN
2002,ANA,6,MIN,away_team,MIN
2002,SFN,9,SLN,away_team,SLN
2002,SFN,4,SLN,away_team,SLN
2002,MIN,1,ANA,away_team,ANA
2002,MIN,1,ANA,away_team,ANA
2002,SLN,5,SFN,away_team,SFN
2002,MIN,5,ANA,away_team,ANA
2002,SLN,3,SFN,away_team,SFN
2002,SLN,1,SFN,away_team,SFN
2003,FLO,9,CHN,away_team,CHN
2003,BOS,5,NYA,away_team,NYA
2003,FLO,3,CHN,away_team,CHN
2003,BOS,2,NYA,away_team,NYA
2003,CHN,5,FLO,away_team,FLO
2003,NYA,4,BOS,away_team,BOS
2003,CHN,8,FLO,away_team,FLO
2003,CHN,0,FLO,away_team,FLO
2003,NYA,2,BOS,away_team,BOS
2003,NYA,4,BOS,away_team,BOS
2003,FLO,8,CHN,away_team,CHN
2003,BOS,9,NYA,away_team,NYA
2003,FLO,9,CHN,away_team,CHN
2003,BOS,5,NYA,away_team,NYA
2004,BOS,7,NYA,away_team,NYA
2004,HOU,7,SLN,away_team,SLN
2004,BOS,1,NYA,away_team,NYA
2004,HOU,4,SLN,away_team,SLN
2004,SLN,2,HOU,away_team,HOU
2004,NYA,19,BOS,away_team,BOS
2004,SLN,5,HOU,away_team,HOU
2004,NYA,4,BOS,away_team,BOS
2004,SLN,0,HOU,away_team,HOU
2004,NYA,4,BOS,away_team,BOS
2004,BOS,4,NYA,away_team,NYA
2004,HOU,4,SLN,away_team,SLN
2004,BOS,10,NYA,away_team,NYA
2004,HOU,2,SLN,away_team,SLN
2005,ANA,3,CHA,away_team,CHA
2005,ANA,1,CHA,away_team,CHA
2005,HOU,3,SLN,away_team,SLN
2005,HOU,4,SLN,away_team,SLN
2005,CHA,5,ANA,away_team,ANA
2005,CHA,8,ANA,away_team,ANA
2005,SLN,3,HOU,away_team,HOU
2005,CHA,6,ANA,away_team,ANA
2005,SLN,1,HOU,away_team,HOU
2005,SLN,5,HOU,away_team,HOU
2005,HOU,5,SLN,away_team,SLN
2006,DET,5,OAK,away_team,OAK
2006,DET,8,OAK,away_team,OAK
2006,SLN,0,NYN,away_team,NYN
2006,OAK,0,DET,away_team,DET
2006,SLN,9,NYN,away_team,NYN
2006,OAK,3,DET,away_team,DET
2006,NYN,0,SLN,away_team,SLN
2006,NYN,12,SLN,away_team,SLN
2006,NYN,2,SLN,away_team,SLN
2006,SLN,2,NYN,away_team,NYN
2006,SLN,3,NYN,away_team,NYN
2007,COL,5,ARI,away_team,ARI
2007,COL,3,ARI,away_team,ARI
2007,CLE,3,BOS,away_team,BOS
2007,CLE,13,BOS,away_team,BOS
2007,ARI,1,COL,away_team,COL
2007,ARI,4,COL,away_team,COL
2007,BOS,2,CLE,away_team,CLE
2007,BOS,3,CLE,away_team,CLE
2007,BOS,7,CLE,away_team,CLE
2007,CLE,2,BOS,away_team,BOS
2007,CLE,2,BOS,away_team,BOS
2008,LAN,2,PHI,away_team,PHI
2008,LAN,5,PHI,away_team,PHI
2008,BOS,2,TBA,away_team,TBA
2008,BOS,8,TBA,away_team,TBA
2008,PHI,2,LAN,away_team,LAN
2008,PHI,7,LAN,away_team,LAN
2008,TBA,9,BOS,away_team,BOS
2008,TBA,13,BOS,away_team,BOS
2008,PHI,5,LAN,away_team,LAN
2008,TBA,7,BOS,away_team,BOS
2008,BOS,4,TBA,away_team,TBA
2008,BOS,1,TBA,away_team,TBA
2009,PHI,8,LAN,away_team,LAN
2009,PHI,1,LAN,away_team,LAN
2009,ANA,1,NYA,away_team,NYA
2009,ANA,3,NYA,away_team,NYA
2009,LAN,0,PHI,away_team,PHI
2009,LAN,4,PHI,away_team,PHI
2009,NYA,4,ANA,away_team,ANA
2009,NYA,10,ANA,away_team,ANA
2009,LAN,4,PHI,away_team,PHI
2009,NYA,6,ANA,away_team,ANA
2009,ANA,2,NYA,away_team,NYA
2010,NYA,6,TEX,away_team,TEX
2010,NYA,2,TEX,away_team,TEX
2010,SFN,4,PHI,away_team,PHI
2010,SFN,1,PHI,away_team,PHI
2010,TEX,8,NYA,away_team,NYA
2010,TEX,10,NYA,away_team,NYA
2010,PHI,0,SFN,away_team,SFN
2010,TEX,2,NYA,away_team,NYA
2010,PHI,5,SFN,away_team,SFN
2010,PHI,4,SFN,away_team,SFN
2010,NYA,1,TEX,away_team,TEX
2010,SFN,3,PHI,away_team,PHI
2011,DET,2,TEX,away_team,TEX
2011,SLN,6,MIL,away_team,MIL
2011,SLN,12,MIL,away_team,MIL
2011,DET,3,TEX,away_team,TEX
2011,TEX,2,DET,away_team,DET
2011,MIL,3,SLN,away_team,SLN
2011,TEX,7,DET,away_team,DET
2011,MIL,4,SLN,away_team,SLN
2011,TEX,5,DET,away_team,DET
2011,MIL,1,SLN,away_team,SLN
2011,DET,5,TEX,away_team,TEX
2011,SLN,12,MIL,away_team,MIL
2012,DET,6,NYA,away_team,NYA
2012,DET,3,NYA,away_team,NYA
2012,SLN,6,SFN,away_team,SFN
2012,SLN,1,SFN,away_team,SFN
2012,NYA,1,DET,away_team,DET
2012,SFN,1,SLN,away_team,SLN
2012,NYA,1,DET,away_team,DET
2012,SFN,3,SLN,away_team,SLN
2012,SFN,5,SLN,away_team,SLN
2012,SLN,1,SFN,away_team,SFN
2012,SLN,0,SFN,away_team,SFN
2013,LAN,2,SLN,away_team,SLN
2013,DET,1,BOS,away_team,BOS
2013,LAN,0,SLN,away_team,SLN
2013,DET,5,BOS,away_team,BOS
2013,SLN,0,LAN,away_team,LAN
2013,BOS,1,DET,away_team,DET
2013,SLN,4,LAN,away_team,LAN
2013,BOS,3,DET,away_team,DET
2013,SLN,4,LAN,away_team,LAN
2013,BOS,4,DET,away_team,DET
2013,LAN,0,SLN,away_team,SLN
2013,DET,2,BOS,away_team,BOS
2014,KCA,8,BAL,away_team,BAL
2014,KCA,6,BAL,away_team,BAL
2014,SFN,3,SLN,away_team,SLN
2014,SFN,4,SLN,away_team,SLN
2014,BAL,1,KCA,away_team,KCA
2014,SLN,4,SFN,away_team,SFN
2014,BAL,1,KCA,away_team,KCA
2014,SLN,4,SFN,away_team,SFN
2014,SLN,3,SFN,away_team,SFN
2015,TOR,0,KCA,away_team,KCA
2015,TOR,3,KCA,away_team,KCA
2015,CHN,2,NYN,away_team,NYN
2015,CHN,1,NYN,away_team,NYN
2015,KCA,8,TOR,away_team,TOR
2015,KCA,14,TOR,away_team,TOR
2015,NYN,5,CHN,away_team,CHN
2015,KCA,1,TOR,away_team,TOR
2015,NYN,8,CHN,away_team,CHN
2015,TOR,3,KCA,away_team,KCA
2016,TOR,0,CLE,away_team,CLE
2016,TOR,1,CLE,away_team,CLE
2016,LAN,4,CHN,away_team,CHN
2016,LAN,1,CHN,away_team,CHN
2016,CLE,4,TOR,away_team,TOR
2016,CLE,1,TOR,away_team,TOR
2016,CHN,0,LAN,away_team,LAN
2016,CLE,3,TOR,away_team,TOR
2016,CHN,10,LAN,away_team,LAN
2016,CHN,8,LAN,away_team,LAN
2016,LAN,0,CHN,away_team,CHN
2017,NYA,1,HOU,away_team,HOU
2017,CHN,2,LAN,away_team,LAN
2017,NYA,1,HOU,away_team,HOU
2017,CHN,1,LAN,away_team,LAN
2017,HOU,1,NYA,away_team,NYA
2017,LAN,6,CHN,away_team,CHN
2017,HOU,4,NYA,away_team,NYA
2017,LAN,2,CHN,away_team,CHN
2017,HOU,0,NYA,away_team,NYA
2017,LAN,11,CHN,away_team,CHN
2017,NYA,1,HOU,away_team,HOU
2017,NYA,0,HOU,away_team,HOU
2012,BAL,5,TEX,away_team,TEX
2012,SLN,6,ATL,away_team,ATL
2013,CIN,2,PIT,away_team,PIT
2013,TBA,4,CLE,away_team,CLE
2014,OAK,8,KCA,away_team,KCA
2014,SFN,8,PIT,away_team,PIT
2015,HOU,3,NYA,away_team,NYA
2015,CHN,4,PIT,away_team,PIT
2016,BAL,2,TOR,away_team,TOR
2016,SFN,3,NYN,away_team,NYN
2017,MIN,4,NYA,away_team,NYA
2017,COL,8,ARI,away_team,ARI
1903,PIT,7,BOS,away_team,BOS
1903,PIT,0,BOS,away_team,BOS
1903,PIT,4,BOS,away_team,BOS
1903,BOS,4,PIT,away_team,PIT
1903,BOS,11,PIT,away_team,PIT
1903,BOS,6,PIT,away_team,PIT
1903,BOS,7,PIT,away_team,PIT
1903,PIT,0,BOS,away_team,BOS
1905,NY1,3,PHA,away_team,PHA
1905,PHA,3,NY1,away_team,NY1
1905,NY1,9,PHA,away_team,PHA
1905,PHA,0,NY1,away_team,NY1
1905,PHA,0,NY1,away_team,NY1
1906,CHA,2,CHN,away_team,CHN
1906,CHN,7,CHA,away_team,CHA
1906,CHA,3,CHN,away_team,CHN
1906,CHN,1,CHA,away_team,CHA
1906,CHA,8,CHN,away_team,CHN
1906,CHN,3,CHA,away_team,CHA
1907,DET,3,CHN,away_team,CHN
1907,DET,1,CHN,away_team,CHN
1907,DET,1,CHN,away_team,CHN
1907,CHN,6,DET,away_team,DET
1907,CHN,2,DET,away_team,DET
1908,CHN,10,DET,away_team,DET
1908,DET,1,CHN,away_team,CHN
1908,DET,8,CHN,away_team,CHN
1908,CHN,3,DET,away_team,DET
1908,CHN,2,DET,away_team,DET
1909,DET,1,PIT,away_team,PIT
1909,DET,7,PIT,away_team,PIT
1909,PIT,8,DET,away_team,DET
1909,PIT,0,DET,away_team,DET
1909,DET,4,PIT,away_team,PIT
1909,PIT,4,DET,away_team,DET
1909,PIT,8,DET,away_team,DET
1910,CHN,1,PHA,away_team,PHA
1910,CHN,3,PHA,away_team,PHA
1910,PHA,12,CHN,away_team,CHN
1910,PHA,3,CHN,away_team,CHN
1910,PHA,7,CHN,away_team,CHN
1911,PHA,1,NY1,away_team,NY1
1911,NY1,1,PHA,away_team,PHA
1911,PHA,3,NY1,away_team,NY1
1911,NY1,2,PHA,away_team,PHA
1911,PHA,3,NY1,away_team,NY1
1911,NY1,2,PHA,away_team,PHA
1912,BOS,4,NY1,away_team,NY1
1912,NY1,6,BOS,away_team,BOS
1912,NY1,2,BOS,away_team,BOS
1912,BOS,3,NY1,away_team,NY1
1912,NY1,1,BOS,away_team,BOS
1912,BOS,2,NY1,away_team,NY1
1912,NY1,11,BOS,away_team,BOS
1912,NY1,2,BOS,away_team,BOS
1913,PHA,6,NY1,away_team,NY1
1913,NY1,3,PHA,away_team,PHA
1913,PHA,8,NY1,away_team,NY1
1913,NY1,5,PHA,away_team,PHA
1913,PHA,3,NY1,away_team,NY1
1914,BSN,7,PHA,away_team,PHA
1914,BSN,1,PHA,away_team,PHA
1914,PHA,4,BSN,away_team,BSN
1914,PHA,1,BSN,away_team,BSN
1915,BOS,1,PHI,away_team,PHI
1915,BOS,2,PHI,away_team,PHI
1915,PHI,1,BOS,away_team,BOS
1915,PHI,1,BOS,away_team,BOS
1915,BOS,5,PHI,away_team,PHI
1916,BRO,5,BOS,away_team,BOS
1916,BRO,1,BOS,away_team,BOS
1916,BOS,3,BRO,away_team,BRO
1916,BOS,6,BRO,away_team,BRO
1916,BRO,1,BOS,away_team,BOS
1917,NY1,1,CHA,away_team,CHA
1917,NY1,2,CHA,away_team,CHA
1917,CHA,0,NY1,away_team,NY1
1917,CHA,0,NY1,away_team,NY1
1917,NY1,5,CHA,away_team,CHA
1917,CHA,4,NY1,away_team,NY1
1918,BOS,1,CHN,away_team,CHN
1918,BOS,1,CHN,away_team,CHN
1918,BOS,2,CHN,away_team,CHN
1918,CHN,2,BOS,away_team,BOS
1918,CHN,3,BOS,away_team,BOS
1918,CHN,1,BOS,away_team,BOS
1919,CHA,1,CIN,away_team,CIN
1919,CHA,2,CIN,away_team,CIN
1919,CIN,0,CHA,away_team,CHA
1919,CIN,2,CHA,away_team,CHA
1919,CIN,5,CHA,away_team,CHA
1919,CHA,5,CIN,away_team,CIN
1919,CHA,4,CIN,away_team,CIN
1919,CIN,10,CHA,away_team,CHA
1920,CLE,3,BRO,away_team,BRO
1920,CLE,0,BRO,away_team,BRO
1920,CLE,1,BRO,away_team,BRO
1920,BRO,1,CLE,away_team,CLE
1920,BRO,1,CLE,away_team,CLE
1920,BRO,0,CLE,away_team,CLE
1920,BRO,0,CLE,away_team,CLE
1921,NYA,3,NY1,away_team,NY1
1921,NY1,0,NYA,away_team,NYA
1921,NYA,5,NY1,away_team,NY1
1921,NY1,4,NYA,away_team,NYA
1921,NYA,3,NY1,away_team,NY1
1921,NY1,8,NYA,away_team,NYA
1921,NYA,1,NY1,away_team,NY1
1921,NY1,1,NYA,away_team,NYA
1922,NYA,2,NY1,away_team,NY1
1922,NY1,3,NYA,away_team,NYA
1922,NYA,0,NY1,away_team,NY1
1922,NY1,4,NYA,away_team,NYA
1922,NYA,3,NY1,away_team,NY1
1923,NY1,5,NYA,away_team,NYA
1923,NYA,4,NY1,away_team,NY1
1923,NY1,1,NYA,away_team,NYA
1923,NYA,8,NY1,away_team,NY1
1923,NY1,1,NYA,away_team,NYA
1923,NYA,6,NY1,away_team,NY1
1924,NY1,4,WS1,away_team,WS1
1924,NY1,3,WS1,away_team,WS1
1924,WS1,4,NY1,away_team,NY1
1924,WS1,7,NY1,away_team,NY1
1924,WS1,2,NY1,away_team,NY1
1924,NY1,1,WS1,away_team,WS1
1924,NY1,3,WS1,away_team,WS1
1925,WS1,4,PIT,away_team,PIT
1925,WS1,2,PIT,away_team,PIT
1925,PIT,3,WS1,away_team,WS1
1925,PIT,0,WS1,away_team,WS1
1925,PIT,6,WS1,away_team,WS1
1925,WS1,2,PIT,away_team,PIT
1925,WS1,7,PIT,away_team,PIT
1926,SLN,1,NYA,away_team,NYA
1926,SLN,6,NYA,away_team,NYA
1926,NYA,0,SLN,away_team,SLN
1926,NYA,10,SLN,away_team,SLN
1926,NYA,3,SLN,away_team,SLN
1926,SLN,10,NYA,away_team,NYA
1926,SLN,3,NYA,away_team,NYA
1927,NYA,5,PIT,away_team,PIT
1927,NYA,6,PIT,away_team,PIT
1927,PIT,1,NYA,away_team,NYA
1927,PIT,3,NYA,away_team,NYA
1928,SLN,1,NYA,away_team,NYA
1928,SLN,3,NYA,away_team,NYA
1928,NYA,7,SLN,away_team,SLN
1928,NYA,7,SLN,away_team,SLN
1929,PHA,3,CHN,away_team,CHN
1929,PHA,9,CHN,away_team,CHN
1929,CHN,3,PHA,away_team,PHA
1929,CHN,8,PHA,away_team,PHA
1929,CHN,2,PHA,away_team,PHA
1930,SLN,2,PHA,away_team,PHA
1930,SLN,1,PHA,away_team,PHA
1930,PHA,0,SLN,away_team,SLN
1930,PHA,1,SLN,away_team,SLN
1930,PHA,2,SLN,away_team,SLN
1930,SLN,1,PHA,away_team,PHA
1931,PHA,6,SLN,away_team,SLN
1931,PHA,0,SLN,away_team,SLN
1931,SLN,5,PHA,away_team,PHA
1931,SLN,0,PHA,away_team,PHA
1931,SLN,5,PHA,away_team,PHA
1931,PHA,8,SLN,away_team,SLN
1931,PHA,2,SLN,away_team,SLN
1932,CHN,6,NYA,away_team,NYA
1932,CHN,2,NYA,away_team,NYA
1932,NYA,7,CHN,away_team,CHN
1932,NYA,13,CHN,away_team,CHN
1933,WS1,2,NY1,away_team,NY1
1933,WS1,1,NY1,away_team,NY1
1933,NY1,0,WS1,away_team,WS1
1933,NY1,2,WS1,away_team,WS1
1933,NY1,4,WS1,away_team,WS1
1934,SLN,8,DET,away_team,DET
1934,SLN,2,DET,away_team,DET
1934,DET,1,SLN,away_team,SLN
1934,DET,10,SLN,away_team,SLN
1934,DET,3,SLN,away_team,SLN
1934,SLN,4,DET,away_team,DET
1934,SLN,11,DET,away_team,DET
1935,CHN,3,DET,away_team,DET
1935,CHN,3,DET,away_team,DET
1935,DET,6,CHN,away_team,CHN
1935,DET,2,CHN,away_team,CHN
1935,DET,1,CHN,away_team,CHN
1935,CHN,3,DET,away_team,DET
1936,NYA,1,NY1,away_team,NY1
1936,NYA,18,NY1,away_team,NY1
1936,NY1,1,NYA,away_team,NYA
1936,NY1,2,NYA,away_team,NYA
1936,NY1,5,NYA,away_team,NYA
1936,NYA,13,NY1,away_team,NY1
1937,NY1,1,NYA,away_team,NYA
1937,NY1,1,NYA,away_team,NYA
1937,NYA,5,NY1,away_team,NY1
1937,NYA,3,NY1,away_team,NY1
1937,NYA,4,NY1,away_team,NY1
1938,NYA,3,CHN,away_team,CHN
1938,NYA,6,CHN,away_team,CHN
1938,CHN,2,NYA,away_team,NYA
1938,CHN,3,NYA,away_team,NYA
1939,CIN,1,NYA,away_team,NYA
1939,CIN,0,NYA,away_team,NYA
1939,NYA,7,CIN,away_team,CIN
1939,NYA,7,CIN,away_team,CIN
1940,DET,7,CIN,away_team,CIN
1940,DET,3,CIN,away_team,CIN
1940,CIN,4,DET,away_team,DET
1940,CIN,5,DET,away_team,DET
1940,CIN,0,DET,away_team,DET
1940,DET,0,CIN,away_team,CIN
1940,DET,1,CIN,away_team,CIN
1941,BRO,2,NYA,away_team,NYA
1941,BRO,3,NYA,away_team,NYA
1941,NYA,2,BRO,away_team,BRO
1941,NYA,7,BRO,away_team,BRO
1941,NYA,3,BRO,away_team,BRO
1942,NYA,7,SLN,away_team,SLN
1942,NYA,3,SLN,away_team,SLN
1942,SLN,2,NYA,away_team,NYA
1942,SLN,9,NYA,away_team,NYA
1942,SLN,4,NYA,away_team,NYA
1943,SLN,2,NYA,away_team,NYA
1943,SLN,4,NYA,away_team,NYA
1943,SLN,2,NYA,away_team,NYA
1943,NYA,2,SLN,away_team,SLN
1943,NYA,2,SLN,away_team,SLN
1944,SLA,2,SLN,away_team,SLN
1944,SLA,2,SLN,away_team,SLN
1944,SLN,2,SLA,away_team,SLA
1944,SLN,5,SLA,away_team,SLA
1944,SLN,2,SLA,away_team,SLA
1944,SLA,1,SLN,away_team,SLN
1945,CHN,9,DET,away_team,DET
1945,CHN,1,DET,away_team,DET
1945,CHN,3,DET,away_team,DET
1945,DET,4,CHN,away_team,CHN
1945,DET,8,CHN,away_team,CHN
1945,DET,7,CHN,away_team,CHN
1945,DET,9,CHN,away_team,CHN
1946,BOS,3,SLN,away_team,SLN
1946,BOS,0,SLN,away_team,SLN
1946,SLN,0,BOS,away_team,BOS
1946,SLN,12,BOS,away_team,BOS
1946,SLN,3,BOS,away_team,BOS
1946,BOS,1,SLN,away_team,SLN
1946,BOS,3,SLN,away_team,SLN
1947,BRO,3,NYA,away_team,NYA
1947,BRO,3,NYA,away_team,NYA
1947,NYA,8,BRO,away_team,BRO
1947,NYA,2,BRO,away_team,BRO
1947,NYA,2,BRO,away_team,BRO
1947,BRO,8,NYA,away_team,NYA
1947,BRO,2,NYA,away_team,NYA
1948,CLE,0,BSN,away_team,BSN
1948,CLE,4,BSN,away_team,BSN
1948,BSN,0,CLE,away_team,CLE
1948,BSN,1,CLE,away_team,CLE
1948,BSN,11,CLE,away_team,CLE
1948,CLE,4,BSN,away_team,BSN
1949,BRO,0,NYA,away_team,NYA
1949,BRO,1,NYA,away_team,NYA
1949,NYA,4,BRO,away_team,BRO
1949,NYA,6,BRO,away_team,BRO
1949,NYA,10,BRO,away_team,BRO
1950,NYA,1,PHI,away_team,PHI
1950,NYA,2,PHI,away_team,PHI
1950,PHI,2,NYA,away_team,NYA
1950,PHI,2,NYA,away_team,NYA
1951,NY1,5,NYA,away_team,NYA
1951,NY1,1,NYA,away_team,NYA
1951,NYA,2,NY1,away_team,NY1
1951,NYA,6,NY1,away_team,NY1
1951,NYA,13,NY1,away_team,NY1
1951,NY1,3,NYA,away_team,NYA
1952,NYA,2,BRO,away_team,BRO
1952,NYA,7,BRO,away_team,BRO
1952,BRO,5,NYA,away_team,NYA
1952,BRO,0,NYA,away_team,NYA
1952,BRO,6,NYA,away_team,NYA
1952,NYA,3,BRO,away_team,BRO
1952,NYA,4,BRO,away_team,BRO
1953,BRO,5,NYA,away_team,NYA
1953,BRO,2,NYA,away_team,NYA
1953,NYA,2,BRO,away_team,BRO
1953,NYA,3,BRO,away_team,BRO
1953,NYA,11,BRO,away_team,BRO
1953,BRO,3,NYA,away_team,NYA
1954,CLE,2,NY1,away_team,NY1
1954,CLE,1,NY1,away_team,NY1
1954,NY1,6,CLE,away_team,CLE
1954,NY1,7,CLE,away_team,CLE
1955,BRO,5,NYA,away_team,NYA
1955,BRO,2,NYA,away_team,NYA
1955,NYA,3,BRO,away_team,BRO
1955,NYA,5,BRO,away_team,BRO
1955,NYA,3,BRO,away_team,BRO
1955,BRO,1,NYA,away_team,NYA
1955,BRO,2,NYA,away_team,NYA
1956,NYA,3,BRO,away_team,BRO
1956,NYA,8,BRO,away_team,BRO
1956,BRO,3,NYA,away_team,NYA
1956,BRO,2,NYA,away_team,NYA
1956,BRO,0,NYA,away_team,NYA
1956,NYA,0,BRO,away_team,BRO
1956,NYA,9,BRO,away_team,BRO
1957,MLN,1,NYA,away_team,NYA
1957,MLN,4,NYA,away_team,NYA
1957,NYA,12,MLN,away_team,MLN
1957,NYA,5,MLN,away_team,MLN
1957,NYA,0,MLN,away_team,MLN
1957,MLN,2,NYA,away_team,NYA
1957,MLN,5,NYA,away_team,NYA
1958,NYA,3,MLN,away_team,MLN
1958,NYA,5,MLN,away_team,MLN
1958,MLN,0,NYA,away_team,NYA
1958,MLN,3,NYA,away_team,NYA
1958,MLN,0,NYA,away_team,NYA
1958,NYA,4,MLN,away_team,MLN
1958,NYA,6,MLN,away_team,MLN
1959,LAN,0,CHA,away_team,CHA
1959,LAN,4,CHA,away_team,CHA
1959,CHA,1,LAN,away_team,LAN
1959,CHA,4,LAN,away_team,LAN
1959,CHA,1,LAN,away_team,LAN
1959,LAN,9,CHA,away_team,CHA
1960,NYA,4,PIT,away_team,PIT
1960,NYA,16,PIT,away_team,PIT
1960,PIT,0,NYA,away_team,NYA
1960,PIT,3,NYA,away_team,NYA
1960,PIT,5,NYA,away_team,NYA
1960,NYA,12,PIT,away_team,PIT
1960,NYA,9,PIT,away_team,PIT
1961,CIN,0,NYA,away_team,NYA
1961,CIN,6,NYA,away_team,NYA
1961,NYA,3,CIN,away_team,CIN
1961,NYA,7,CIN,away_team,CIN
1961,NYA,13,CIN,away_team,CIN
1962,NYA,6,SFN,away_team,SFN
1962,NYA,0,SFN,away_team,SFN
1962,SFN,2,NYA,away_team,NYA
1962,SFN,7,NYA,away_team,NYA
1962,SFN,3,NYA,away_team,NYA
1962,NYA,2,SFN,away_team,SFN
1962,NYA,1,SFN,away_team,SFN
1963,LAN,5,NYA,away_team,NYA
1963,LAN,4,NYA,away_team,NYA
1963,NYA,0,LAN,away_team,LAN
1963,NYA,1,LAN,away_team,LAN
1964,NYA,5,SLN,away_team,SLN
1964,NYA,8,SLN,away_team,SLN
1964,SLN,1,NYA,away_team,NYA
1964,SLN,4,NYA,away_team,NYA
1964,SLN,5,NYA,away_team,NYA
1964,NYA,8,SLN,away_team,SLN
1964,NYA,5,SLN,away_team,SLN
1965,LAN,2,MIN,away_team,MIN
1965,LAN,1,MIN,away_team,MIN
1965,MIN,0,LAN,away_team,LAN
1965,MIN,2,LAN,away_team,LAN
1965,MIN,0,LAN,away_team,LAN
1965,LAN,1,MIN,away_team,MIN
1965,LAN,2,MIN,away_team,MIN
1966,BAL,5,LAN,away_team,LAN
1966,BAL,6,LAN,away_team,LAN
1966,LAN,0,BAL,away_team,BAL
1966,LAN,0,BAL,away_team,BAL
1967,SLN,2,BOS,away_team,BOS
1967,SLN,0,BOS,away_team,BOS
1967,BOS,2,SLN,away_team,SLN
1967,BOS,0,SLN,away_team,SLN
1967,BOS,3,SLN,away_team,SLN
1967,SLN,4,BOS,away_team,BOS
1967,SLN,7,BOS,away_team,BOS
1968,DET,0,SLN,away_team,SLN
1968,DET,8,SLN,away_team,SLN
1968,SLN,7,DET,away_team,DET
1968,SLN,10,DET,away_team,DET
1968,SLN,3,DET,away_team,DET
1968,DET,13,SLN,away_team,SLN
1968,DET,4,SLN,away_team,SLN
1969,NYN,1,BAL,away_team,BAL
1969,NYN,2,BAL,away_team,BAL
1969,BAL,0,NYN,away_team,NYN
1969,BAL,1,NYN,away_team,NYN
1969,BAL,3,NYN,away_team,NYN
1970,BAL,4,CIN,away_team,CIN
1970,BAL,6,CIN,away_team,CIN
1970,CIN,3,BAL,away_team,BAL
1970,CIN,6,BAL,away_team,BAL
1970,CIN,3,BAL,away_team,BAL
1971,PIT,3,BAL,away_team,BAL
1971,PIT,3,BAL,away_team,BAL
1971,BAL,1,PIT,away_team,PIT
1971,BAL,3,PIT,away_team,PIT
1971,BAL,0,PIT,away_team,PIT
1971,PIT,2,BAL,away_team,BAL
1971,PIT,2,BAL,away_team,BAL
1972,OAK,3,CIN,away_team,CIN
1972,OAK,2,CIN,away_team,CIN
1972,CIN,1,OAK,away_team,OAK
1972,CIN,2,OAK,away_team,OAK
1972,CIN,5,OAK,away_team,OAK
1972,OAK,1,CIN,away_team,CIN
1972,OAK,3,CIN,away_team,CIN
1973,NYN,1,OAK,away_team,OAK
1973,NYN,10,OAK,away_team,OAK
1973,OAK,3,NYN,away_team,NYN
1973,OAK,1,NYN,away_team,NYN
1973,OAK,0,NYN,away_team,NYN
1973,NYN,1,OAK,away_team,OAK
1973,NYN,2,OAK,away_team,OAK
1974,OAK,3,LAN,away_team,LAN
1974,OAK,2,LAN,away_team,LAN
1974,LAN,2,OAK,away_team,OAK
1974,LAN,2,OAK,away_team,OAK
1974,LAN,2,OAK,away_team,OAK
1975,CIN,0,BOS,away_team,BOS
1975,CIN,3,BOS,away_team,BOS
1975,BOS,5,CIN,away_team,CIN
1975,BOS,5,CIN,away_team,CIN
1975,BOS,2,CIN,away_team,CIN
1975,CIN,6,BOS,away_team,BOS
1975,CIN,4,BOS,away_team,BOS
1976,NYA,1,CIN,away_team,CIN
1976,NYA,3,CIN,away_team,CIN
1976,CIN,6,NYA,away_team,NYA
1976,CIN,7,NYA,away_team,NYA
1977,LAN,3,NYA,away_team,NYA
1977,LAN,6,NYA,away_team,NYA
1977,NYA,5,LAN,away_team,LAN
1977,NYA,4,LAN,away_team,LAN
1977,NYA,4,LAN,away_team,LAN
1977,LAN,4,NYA,away_team,NYA
1978,NYA,5,LAN,away_team,LAN
1978,NYA,3,LAN,away_team,LAN
1978,LAN,1,NYA,away_team,NYA
1978,LAN,3,NYA,away_team,NYA
1978,LAN,2,NYA,away_team,NYA
1978,NYA,7,LAN,away_team,LAN
1979,PIT,4,BAL,away_team,BAL
1979,PIT,3,BAL,away_team,BAL
1979,BAL,8,PIT,away_team,PIT
1979,BAL,9,PIT,away_team,PIT
1979,BAL,1,PIT,away_team,PIT
1979,PIT,4,BAL,away_team,BAL
1979,PIT,4,BAL,away_team,BAL
1980,KCA,6,PHI,away_team,PHI
1980,KCA,4,PHI,away_team,PHI
1980,PHI,3,KCA,away_team,KCA
1980,PHI,3,KCA,away_team,KCA
1980,PHI,4,KCA,away_team,KCA
1980,KCA,1,PHI,away_team,PHI
1981,LAN,3,NYA,away_team,NYA
1981,LAN,0,NYA,away_team,NYA
1981,NYA,4,LAN,away_team,LAN
1981,NYA,7,LAN,away_team,LAN
1981,NYA,1,LAN,away_team,LAN
1981,LAN,9,NYA,away_team,NYA
1982,MIL,10,SLN,away_team,SLN
1982,MIL,4,SLN,away_team,SLN
1982,SLN,6,MIL,away_team,MIL
1982,SLN,5,MIL,away_team,MIL
1982,SLN,4,MIL,away_team,MIL
1982,MIL,1,SLN,away_team,SLN
1982,MIL,3,SLN,away_team,SLN
1983,PHI,2,BAL,away_team,BAL
1983,PHI,1,BAL,away_team,BAL
1983,BAL,3,PHI,away_team,PHI
1983,BAL,5,PHI,away_team,PHI
1983,BAL,5,PHI,away_team,PHI
1984,DET,3,SDN,away_team,SDN
1984,DET,3,SDN,away_team,SDN
1984,SDN,2,DET,away_team,DET
1984,SDN,2,DET,away_team,DET
1984,SDN,4,DET,away_team,DET
1985,SLN,3,KCA,away_team,KCA
1985,SLN,4,KCA,away_team,KCA
1985,KCA,6,SLN,away_team,SLN
1985,KCA,0,SLN,away_team,SLN
1985,KCA,6,SLN,away_team,SLN
1985,SLN,1,KCA,away_team,KCA
1985,SLN,0,KCA,away_team,KCA
1986,BOS,1,NYN,away_team,NYN
1986,BOS,9,NYN,away_team,NYN
1986,NYN,7,BOS,away_team,BOS
1986,NYN,6,BOS,away_team,BOS
1986,NYN,2,BOS,away_team,BOS
1986,BOS,5,NYN,away_team,NYN
1986,BOS,5,NYN,away_team,NYN
1987,SLN,1,MIN,away_team,MIN
1987,SLN,4,MIN,away_team,MIN
1987,MIN,1,SLN,away_team,SLN
1987,MIN,2,SLN,away_team,SLN
1987,MIN,2,SLN,away_team,SLN
1987,SLN,5,MIN,away_team,MIN
1987,SLN,2,MIN,away_team,MIN
1988,OAK,4,LAN,away_team,LAN
1988,OAK,0,LAN,away_team,LAN
1988,LAN,1,OAK,away_team,OAK
1988,LAN,4,OAK,away_team,OAK
1988,LAN,5,OAK,away_team,OAK
1989,SFN,0,OAK,away_team,OAK
1989,SFN,1,OAK,away_team,OAK
1989,OAK,13,SFN,away_team,SFN
1989,OAK,9,SFN,away_team,SFN
1990,OAK,0,CIN,away_team,CIN
1990,OAK,4,CIN,away_team,CIN
1990,CIN,8,OAK,away_team,OAK
1990,CIN,2,OAK,away_team,OAK
1991,ATL,2,MIN,away_team,MIN
1991,ATL,2,MIN,away_team,MIN
1991,MIN,4,ATL,away_team,ATL
1991,MIN,2,ATL,away_team,ATL
1991,MIN,5,ATL,away_team,ATL
1991,ATL,3,MIN,away_team,MIN
1991,ATL,0,MIN,away_team,MIN
1992,TOR,1,ATL,away_team,ATL
1992,TOR,5,ATL,away_team,ATL
1992,ATL,2,TOR,away_team,TOR
1992,ATL,1,TOR,away_team,TOR
1992,ATL,7,TOR,away_team,TOR
1992,TOR,4,ATL,away_team,ATL
1993,PHI,5,TOR,away_team,TOR
1993,PHI,6,TOR,away_team,TOR
1993,TOR,10,PHI,away_team,PHI
1993,TOR,15,PHI,away_team,PHI
1993,TOR,0,PHI,away_team,PHI
1993,PHI,6,TOR,away_team,TOR
1995,CLE,2,ATL,away_team,ATL
1995,CLE,3,ATL,away_team,ATL
1995,ATL,6,CLE,away_team,CLE
1995,ATL,5,CLE,away_team,CLE
1995,ATL,4,CLE,away_team,CLE
1995,CLE,0,ATL,away_team,ATL
1996,ATL,12,NYA,away_team,NYA
1996,ATL,4,NYA,away_team,NYA
1996,NYA,5,ATL,away_team,ATL
1996,NYA,8,ATL,away_team,ATL
1996,NYA,1,ATL,away_team,ATL
1996,ATL,2,NYA,away_team,NYA
1997,CLE,4,FLO,away_team,FLO
1997,CLE,6,FLO,away_team,FLO
1997,FLO,14,CLE,away_team,CLE
1997,FLO,3,CLE,away_team,CLE
1997,FLO,8,CLE,away_team,CLE
1997,CLE,4,FLO,away_team,FLO
1997,CLE,2,FLO,away_team,FLO
1998,SDN,6,NYA,away_team,NYA
1998,SDN,3,NYA,away_team,NYA
1998,NYA,5,SDN,away_team,SDN
1998,NYA,3,SDN,away_team,SDN
1999,NYA,4,ATL,away_team,ATL
1999,NYA,7,ATL,away_team,ATL
1999,ATL,5,NYA,away_team,NYA
1999,ATL,1,NYA,away_team,NYA
2000,NYN,3,NYA,away_team,NYA
2000,NYN,5,NYA,away_team,NYA
2000,NYA,2,NYN,away_team,NYN
2000,NYA,3,NYN,away_team,NYN
2000,NYA,4,NYN,away_team,NYN
2001,NYA,1,ARI,away_team,ARI
2001,NYA,0,ARI,away_team,ARI
2001,ARI,1,NYA,away_team,NYA
2001,ARI,3,NYA,away_team,NYA
2001,ARI,2,NYA,away_team,NYA
2001,NYA,2,ARI,away_team,ARI
2001,NYA,2,ARI,away_team,ARI
2002,SFN,4,ANA,away_team,ANA
2002,SFN,10,ANA,away_team,ANA
2002,ANA,10,SFN,away_team,SFN
2002,ANA,3,SFN,away_team,SFN
2002,ANA,4,SFN,away_team,SFN
2002,SFN,5,ANA,away_team,ANA
2002,SFN,1,ANA,away_team,ANA
2003,FLO,3,NYA,away_team,NYA
2003,FLO,1,NYA,away_team,NYA
2003,NYA,6,FLO,away_team,FLO
2003,NYA,3,FLO,away_team,FLO
2003,NYA,4,FLO,away_team,FLO
2003,FLO,2,NYA,away_team,NYA
2004,SLN,9,BOS,away_team,BOS
2004,SLN,2,BOS,away_team,BOS
2004,BOS,4,SLN,away_team,SLN
2004,BOS,3,SLN,away_team,SLN
2005,HOU,3,CHA,away_team,CHA
2005,HOU,6,CHA,away_team,CHA
2005,CHA,7,HOU,away_team,HOU
2005,CHA,1,HOU,away_team,HOU
2006,SLN,7,DET,away_team,DET
2006,SLN,1,DET,away_team,DET
2006,DET,0,SLN,away_team,SLN
2006,DET,4,SLN,away_team,SLN
2006,DET,2,SLN,away_team,SLN
2007,COL,1,BOS,away_team,BOS
2007,COL,1,BOS,away_team,BOS
2007,BOS,10,COL,away_team,COL
2007,BOS,4,COL,away_team,COL
2008,PHI,3,TBA,away_team,TBA
2008,PHI,2,TBA,away_team,TBA
2008,TBA,4,PHI,away_team,PHI
2008,TBA,2,PHI,away_team,PHI
2008,TBA,3,PHI,away_team,PHI
2009,PHI,6,NYA,away_team,NYA
2009,PHI,1,NYA,away_team,NYA
2009,NYA,8,PHI,away_team,PHI
2009,NYA,7,PHI,away_team,PHI
2009,NYA,6,PHI,away_team,PHI
2009,PHI,3,NYA,away_team,NYA
2010,TEX,7,SFN,away_team,SFN
2010,TEX,0,SFN,away_team,SFN
2010,SFN,2,TEX,away_team,TEX
2010,SFN,4,TEX,away_team,TEX
2010,SFN,3,TEX,away_team,TEX
2011,TEX,2,SLN,away_team,SLN
2011,TEX,2,SLN,away_team,SLN
2011,SLN,16,TEX,away_team,TEX
2011,SLN,0,TEX,away_team,TEX
2011,SLN,2,TEX,away_team,TEX
2011,TEX,9,SLN,away_team,SLN
2011,TEX,2,SLN,away_team,SLN
2012,DET,3,SFN,away_team,SFN
2012,DET,0,SFN,away_team,SFN
2012,SFN,2,DET,away_team,DET
2012,SFN,4,DET,away_team,DET
2013,SLN,1,BOS,away_team,BOS
2013,SLN,4,BOS,away_team,BOS
2013,BOS,4,SLN,away_team,SLN
2013,BOS,4,SLN,away_team,SLN
2013,BOS,3,SLN,away_team,SLN
2013,SLN,1,BOS,away_team,BOS
2014,SFN,7,KCA,away_team,KCA
2014,SFN,2,KCA,away_team,KCA
2014,KCA,3,SFN,away_team,SFN
2014,KCA,4,SFN,away_team,SFN
2014,KCA,0,SFN,away_team,SFN
2014,SFN,0,KCA,away_team,KCA
2014,SFN,3,KCA,away_team,KCA
2015,NYN,4,KCA,away_team,KCA
2015,NYN,1,KCA,away_team,KCA
2015,KCA,3,NYN,away_team,NYN
2015,KCA,5,NYN,away_team,NYN
2015,KCA,7,NYN,away_team,NYN
2016,CHN,0,CLE,away_team,CLE
2016,CHN,5,CLE,away_team,CLE
2016,CLE,1,CHN,away_team,CHN
2016,CLE,7,CHN,away_team,CHN
2016,CLE,2,CHN,away_team,CHN
2016,CHN,9,CLE,away_team,CLE
2016,CHN,8,CLE,away_team,CLE
2017,HOU,1,LAN,away_team,LAN
2017,HOU,7,LAN,away_team,LAN
2017,LAN,3,HOU,away_team,HOU
2017,LAN,6,HOU,away_team,HOU
2017,LAN,12,HOU,away_team,HOU
2017,HOU,1,LAN,away_team,LAN
2017,HOU,5,LAN,away_team,LAN
